Gene_model,padj,GN,Hw1.Anti,Hw1.Heat,Hw1.Anti.Heat,Hw2.Anti,Hw2.Heat,Hw2.Anti.Heat,Wt1.Anti,Wt1.Heat,Wt1.Anti.Heat,Wt2.Anti,Wt2.Heat,Wt2.Anti.Heat
SymbC1.scaffold6282.1,0.00000815,fusA,-7.350256832,-8.739826154,-19.80996586,-9.810755626,-3.186018951,-14.66712514,-8.037394874,-2.612886787,-16.86424722,-13.73317677,-3.319919762,-15.36220936
SymbC1.scaffold4630.1,0.0000101,URA7,-1.082856935,-4.296555712,-4.335012803,-1.744551277,-2.593343133,-3.637245553,0.55553564,-1.351937845,-2.150319596,-2.01413694,0.437176428,-1.707657334
SymbC1.scaffold3133.1,0.0000103,DHX38,-1.806253311,-4.35192162,-6.36141361,-2.155477707,-1.742612157,-5.071083098,-1.866248611,-1.103287808,-4.744833837,-2.62154461,1.109358252,-2.990778419
SymbC1.scaffold9506.1,0.0000104,Acly,-1.721334055,-1.108357178,-5.963474124,-1.263227834,2.838928005,-4.237039197,-2.228100615,0.708052903,-7.028569152,-9.03860035,3.590649796,-7.842203138
SymbC1.scaffold1288.3,0.0000106,FTSH10,-1.802960564,-3.719562905,-5.430515755,-2.351198807,-1.683769561,-4.141063725,-0.59254113,-1.579725852,-4.659464682,-2.041778412,0.737941042,-2.89909274
SymbC1.scaffold620.14,0.000011,secA,-0.799144897,-3.505409016,-4.869150926,-1.254148803,-1.596271392,-4.23879618,-0.228321716,-0.493981236,-2.464878413,-2.472774603,-0.072563706,-3.122293585
SymbC1.scaffold4330.1,0.0000125,rsmA,-2.321928095,0,0,-3.058893689,0.263034406,-1.736965594,-5,1.022367813,-4.415037499,-5.409390936,-0.539026217,0
SymbC1.scaffold12411.1,0.0000127,ML5,-3.492930427,-5.707947407,-8.083164343,-6.729949774,-4.17492833,-5.343407822,-2.611242121,0.551307672,-4.184931892,-13.46920984,1.162621971,-7.179284483
SymbC1.scaffold2574.4,0.0000139,dnaJ,-2.404073077,-3.405772006,-4.814238266,-3.17508745,-1.183358824,-4.587747627,-2.534739922,-0.682047642,-5.72474148,-5.151588942,-1.482845707,-6.925786412
SymbC1.scaffold4763.1,0.0000139,SUF4,-2.503718111,-3.182954528,-6.467890032,-4.257951226,-1.526666872,-4.572846214,-4.054693776,-1.745481113,-6.69515139,-4.95757675,-1.249746072,-5.108584538
SymbC1.scaffold2567.5,0.0000153,Rraga,-2.471419969,-3.900263268,-5.994981925,-3.623132167,-1.582346553,-5.298553587,-0.877099698,0.011337544,-3.688467076,-5.438774743,-1.026244099,-5.116846648
SymbC1.scaffold9358.1,0.0000157,GIP,-1.312781834,-4.513569051,-4.692590845,-2.908661393,-2.392285807,-4.160345653,-1.365649472,0.360175564,-3.043721377,-6.653687199,-0.090479517,-8.86870009
SymbC1.scaffold5345.4,0.0000172,AK812_SmicGene25788,-5.778858329,-5.600137475,-18.66919066,-7.592473074,-2.41658987,-10.73532288,-3.92721058,4.676474549,-8.737011197,-9.686182157,2.260106214,-9.787748171
SymbC1.scaffold14557.2,0.0000193,AK812_SmicGene1499,-0.672323973,-3.759556059,-2.895222154,-1.391618121,-2.438167777,-3.103035768,-0.382291119,-1.526301885,-2.75455205,-2.578908767,-0.465865254,-2.937653803
SymbC1.scaffold8222.1,0.0000222,RPA1,-3.004254251,-2.83940919,-4.674209265,-5.102278289,-1.469903675,-5.015561878,-3.064982864,-1.57673676,-6.824750496,-5.748476192,-2.263044914,-7.339710928
SymbC1.scaffold3136.2,0.0000224,impdh,-2.095803457,-2.262926403,-3.571952471,-3.612659482,-1.22851053,-3.996247865,-3.466318004,1.009718129,-2.674559937,-9.0238392,1.099332032,-3.298699041
SymbC1.scaffold7352.1,0.0000245,AIP1,-1.958844327,-3.471085099,-6.782901878,-2.692858188,-0.718149344,-5.469932478,-2.180915785,1.364794744,-4.070389328,-6.185866545,0.251094793,-2.378511623
SymbC1.scaffold5575.4,0.0000307,KHSRP,-1.474528854,-3.387118086,-4.522632701,-2.508916097,-1.51195258,-3.972000065,-1.870821093,-0.081679095,-3.540202152,-3.243332481,-0.506358328,-4.795014502
SymbC1.scaffold6845.2,0.0000312,RPS6,-1.307168846,-3.200540185,-4.085269131,-2.202577429,-1.702763505,-4.019590728,-1.221235519,-0.317127109,-3.019005762,-3.377281539,-0.456092626,-3.93053518
SymbC1.scaffold2069.5,0.000033,ODA11,-6.585533745,-8.467183285,-9.516510997,-8.999825858,-4.549468137,-8.595076136,-2.71769726,2.604629534,-5.172351739,-8.154750971,-0.276460142,-6.314427992
SymbC1.scaffold2573.1,0.0000353,DNAH9,-0.741081703,-4.364012054,-5.522441416,-1.883656216,-2.784526993,-4.292321633,-1.079461991,-0.400640439,-1.058043008,-2.894817763,-0.907007172,-2.506616449
SymbC1.scaffold6108.5,0.0000391,ppdK,-4.590428881,-9.767537568,-15.68320823,-9.134693468,-5.196311021,-8.527926956,0.178780889,1.023093763,-9.345219342,-6.376596068,-0.437745335,-12.1528174
SymbC1.scaffold4053.3,0.0000432,PFOR,-1.963644976,-5.771129907,-4.62316034,-4.186449439,-1.511761378,-8.590612637,-4.155476403,-0.495014919,-11.5348038,-12.71770966,0.748505873,-2.151770981
SymbC1.scaffold2783.6,0.0000437,Hcn4,-0.429301399,-2.271315812,-4.471322919,-0.248124923,-1.557114516,-4.136782717,-1.167693993,-0.97924144,-3.605322197,-3.131418761,-0.832010286,-3.502902681
SymbC1.scaffold2575.1,0.0000556,FNTB,-1.491853096,-4.254813899,-5.398743692,-0.684498174,0.192645078,-2.485426827,-0.251538767,0.511899039,-0.506959989,-3.847996907,-0.409323848,-5.639410285
SymbC1.scaffold5602.4,0.0000565,GBE1,0.584962501,0,-0.263034406,2.087462841,-0.263034406,1.169925001,-1.762823762,1.474000764,-1.303606814,0,-8.431845787,-5.209453366
SymbC1.scaffold5363.2,0.0000596,Top3b,-1.502981344,-6.610020572,-10.55350027,-3.275433321,-3.563788544,-8.834298071,-0.602076942,-1.347690461,-6.772542987,-4.438615263,0.97737822,-5.190287573
SymbC1.scaffold451.4,0.0000607,SPAC56F8.03,-1.232473135,-1.891920623,-3.436298653,-1.927962093,-0.733963106,-4.76611194,-2.532495081,2.763018051,-0.229932311,-8.830889679,1.213305709,-4.353041114
SymbC1.scaffold8593.1,0.0000617,PDPK2,-2.014626607,-5.613199169,-5.936076093,-2.077486631,-2.345891338,-2.934411658,-1.912248128,-1.063727463,-4.307833265,-3.425021588,0.544117448,-4.857980995
SymbC1.scaffold11067.1,0.0000639,ADGB,-1.354618751,-4.298978392,-6.540282769,-1.135537239,-1.880965665,-5.435554517,-0.418331875,0.611442909,-1.313149638,-2.022087246,1.303332953,-3.169445511
SymbC1.scaffold649.2,0.0000711,SHM4,-4.276074704,-7.442083902,-8.562280854,-6.920172682,-3.870536454,-8.415454424,-2.447606169,-1.917336534,-8.565694512,-6.88535046,-1.630941549,-8.54014284
SymbC1.scaffold2695.11,0.0000816,AK812_SmicGene26895,-2.302750947,-4.515575755,-4.502034868,-3.319710477,-2.166858035,-3.546655431,-1.146070171,-0.388859562,-3.845349087,-3.894009304,-1.025911192,-5.637441331
SymbC1.scaffold507.6,0.0000816,At3g62310,-2.005597369,-4.443892362,-4.1258259,-2.931581458,-1.987209877,-3.519184073,-1.874283691,-3.161656338,-6.383638845,-1.581413434,1.648725229,-1.981584429
SymbC1.scaffold1375.1,0.0000881,CHR23,-1.936949032,-3.179396132,-5.22089116,-3.053731622,-1.693305736,-4.570500558,-1.506358056,-0.742648851,-5.100331798,-3.762905425,-0.339930241,-4.592896544
SymbC1.scaffold249.4,0.000105,RH35,-3.920021592,-7.831776511,-10.7541137,-5.806449795,-3.27533552,-8.425215903,-2.184049261,-1.590678326,-6.113909202,-7.16734122,-0.389685341,-8.740417098
SymbC1.scaffold1379.4,0.000109,DED1,-3.358002453,-2.84298095,-4.636938554,-5.419964308,-1.478527754,-6.233203785,-1.211303472,0.839994824,-5.504214503,-6.407843851,-2.755476924,-8.030774202
SymbC1.scaffold120.4,0.000116,ENDOV,-1.771093055,-3.938289385,-3.776831877,-3.009765646,-2.101925573,-2.819838995,-1.435291669,-0.582730447,-4.14028679,-2.039077609,0.148080612,-2.846417034
SymbC1.scaffold2496.5,0.000119,AK812_SmicGene42205,-1.728647413,-3.962607536,-3.19538444,-2.648896391,-2.137060368,-3.803130336,-2.38695733,-0.390201042,-4.747683709,-5.225543558,-2.684498174,-5.880895387
SymbC1.scaffold43.5,0.000121,bglX,-2.07118386,-3.852316675,-6.211147664,-3.52553019,-2.181082791,-4.972840858,-2.571429345,-1.790752955,-5.655351829,-3.928661218,-1.274515152,-3.869160207
SymbC1.scaffold1915.2,0.000129,PU1,-1.566096186,-3.267523253,-4.916277624,-2.871868988,-1.333989251,-4.635317577,-1.80128677,-0.580645283,-4.401200388,-4.101833039,0.280037597,-4.031097076
SymbC1.scaffold5825.1,0.000136,GART,-1.141266098,-3.500891588,-3.580631434,-2.284110844,-1.819782012,-3.863204292,-2.253421367,-0.403350404,-4.425018854,-4.090637467,-0.565425773,-3.65674094
SymbC1.scaffold5913.1,0.000142,bPT2,-0.649502753,-4,-3.862496476,-0.971430848,-1.459431619,-3.389042291,0.491853096,2.50779464,-0.207993042,-3.927724099,-0.686716,-3.731803889
SymbC1.scaffold3751.1,0.000144,Catsper1,-2.7338747,-5.022787737,-5.003335375,-4.395072786,-3.069540933,-3.91753784,-0.234465254,0.847996907,-3.129283017,-5.63005039,-1.585656271,-6.393011193
SymbC1.scaffold4234.1,0.000147,RUB1,-5.334235786,-10.01016287,-12.33411911,-7.303764298,-5.59678963,-11.65173905,-2.179124177,-1.203901259,-10.98329699,-11.61978837,-4.404854732,-15.88841172
SymbC1.scaffold724.13,0.000152,dnc,-2.543215813,-7.074260771,-7.206101571,-4.400568788,-3.547951193,-6.643091621,-2.457935442,-0.902945231,-6.2531475,-7.224623087,-0.069566192,-6.769922003
SymbC1.scaffold4088.3,0.000156,MGLL,-1.225448045,-3.306815449,-3.651420212,-1.026855577,-1.956327817,-3.239288595,0.355557437,0.124214782,-2.477273189,-2.419577961,-0.481500534,-3.634996202
SymbC1.scaffold1202.3,0.000163,FAM72A,-1.461766215,-3.844409201,-5.055469331,-2.47997081,-1.410522018,-5.28766527,-1.983356914,0.619432907,-4.173982824,-4.151479334,-0.007089425,-4.727566896
SymbC1.scaffold4461.3,0.000188,xpot,-1.395928676,-4.169925001,-7.524274574,-1.289013472,0.354842717,-4.285402219,-1.584962501,-2.192645078,-5.514573173,-1.159871337,0.483984853,-4.060335663
SymbC1.scaffold4630.2,0.000209,HSPA1L,-1.955027631,-4.353174133,-5.585297061,-2.977328259,-1.80262223,-3.994055222,-1.590302399,-1.033909051,-4.315984485,-3.483991681,-0.86154893,-5.076149684
SymbC1.scaffold4297.3,0.000233,BIP5,-2.845300372,-7.917226627,-10.91848822,-4.667219957,-3.713808333,-9.330123253,-1.017905304,-0.201645265,-5.322618933,-6.07895951,0.45645315,-6.871684056
SymbC1.scaffold2106.11,0.000247,Dnah1,-1.349546586,-3.606551516,-4.034435895,-1.957658016,-1.947784127,-3.615414285,-1.772455973,0.009735016,-2.460331709,-3.936399838,-0.395053354,-4.117325642
SymbC1.scaffold7971.2,0.000248,CPK8,-2.99095486,-3.65325945,-5.583638398,-4.1155707,-1.297680549,-3.947738078,-0.087462841,-4.087462841,0,0,3.584962501,0
SymbC1.scaffold91.17,0.000254,PGK2,-0.961481545,-5.506195301,-9.130209058,-2.650010913,-2.260133486,-9.302285951,0.209336674,5.001591914,-0.604725991,-13.07937845,0.887151163,-8.157478796
SymbC1.scaffold845.4,0.000265,iksA,-1.397047575,-3.526563078,-6.102471811,-2.675687487,-2.28913816,-4.009984089,-1.468764963,-0.463407553,-4.717501177,-4.054726055,-1.232611485,-5.158837953
SymbC1.scaffold6067.2,0.000281,ASPM,-2.899712218,-9.604458292,-10.85799941,-2.488037943,-1.479803432,-4.30180513,-0.328935518,2.714159094,-2.29200263,-9.40360154,0.596481851,-2.801248903
SymbC1.scaffold4148.1,0.000283,THO3,-0.736965594,-0.932885804,-6.129283017,-1.736965594,-0.678071905,-2,0,3.94753258,2.351074441,0,0.66801824,-2.906890596
SymbC1.scaffold2797.1,0.00029,Ctob_010821,-1.4846026,-3.903899838,-4.046823221,-2.586852658,-2.316874867,-3.574371089,-1.371408616,-0.032150524,-3.792523303,-4.162787059,-0.86764419,-4.655708098
SymbC1.scaffold7888.1,0.000303,SPAC4G8.04,-2.2393655,-1.510961919,-5.640244936,-4.232479114,-0.507686787,-7.122396631,-3.169925001,-1,0,0,1.736965594,0
SymbC1.scaffold968.4,0.000339,CLPB1,-1.343710517,-3.660405056,-7.201691512,-1.764042316,-1.349942471,-4.50779464,-0.584515084,-1.310340121,-3.854660637,-3.108996003,1.213722827,-2.281635389
SymbC1.scaffold954.10,0.000342,DHC10,-1.74512925,-3.667487154,-5.382806505,-2.456748858,-1.519890237,-3.375453354,-1.729557906,-0.026026735,-2.779575155,-3.874760393,0.3283119,-4.166672742
SymbC1.scaffold1073.1,0.000345,frs-2,-1.348603184,-3.014765128,-3.178372248,-2.904402591,-1.398018915,-3.15207076,-1.942246429,-1.099402422,-4.657536364,-4.920331969,-1.12971923,-4.951423496
SymbC1.scaffold1541.4,0.000348,AK812_SmicGene5851,-1.328601384,-3.695935219,-3.907080486,-2.310425793,-2.369924727,-3.971177165,-0.866741884,-0.576889335,-2.632567876,-2.534613597,0.152574711,-3.237359473
SymbC1.scaffold7610.3,0.000366,Psmc6,-1.855730591,-4.279498016,-4.925947778,-2.76489406,-2.017277578,-4.115703486,-0.772434803,-0.236282176,-2.678472403,-3.182222784,0.630144034,-3.664234903
SymbC1.scaffold202.13,0.000368,Atp5a1,-5.130451626,-9.842031902,-8.934639269,-6.92258383,-3.307373254,-6.437171659,-2.043026407,1.300086079,-3.375008167,-7.301721523,-1.775709295,-7.938059916
SymbC1.scaffold1148.2,0.000397,NNT,-2.04683825,-3.643925766,-7.032421478,-5.377945772,-1.993305347,-7.885696373,-2.451211112,2.40053793,-4.866248611,-7.87036472,-0.950011864,-4.197939378
SymbC1.scaffold2243.2,0.000402,Ot13g03040,-1.681452063,-3.633934577,-5.071954948,-2.4619241,-1.391385635,-3.320607953,-1.121789547,-0.654974192,-3.972064816,-3.233645322,0.414941029,-3.0473015
SymbC1.scaffold5695.1,0.00042,modA,-0.779994752,-4.335603032,-6.041745702,-1.613597124,-1.13058411,-5.761840263,-1.177664499,0.444772707,-4.140448504,-3.84861095,1.156014107,-4.033119275
SymbC1.scaffold2391.2,0.000423,ALATS,-1.295112458,-3.193769795,-2.835808596,-2.31576666,-1.800872994,-2.965150101,-1.829517081,-0.942626359,-3.790681853,-3.049821026,0.268371396,-2.693896872
SymbC1.scaffold114.1,0.00044,RPT1A,-1.598242785,-4.153470206,-4.432247348,-2.016307977,-1.827456128,-3.760341932,-0.982617607,0.134501036,-2.361240147,-4.672289917,-0.389639804,-3.151622987
SymbC1.scaffold3881.7,0.000499,CCT6A,-0.876298015,-3.446952679,-2.672019235,-0.049780836,-1.366127899,-2.273018494,-0.106915204,0.230780207,-0.837728571,-3.721179627,-0.068861858,-3.295309644
SymbC1.scaffold8457.1,0.000502,GCLC,-1.422820363,-3.788429087,-3.969368871,-2.088150657,-2.129049101,-2.497207535,-0.67555601,-0.347274419,-3.096881879,-2.401999976,-0.825257982,-3.835896503
SymbC1.scaffold826.1,0.000511,cpsf5,-2.029862801,-4.180287952,-5.601821998,-3.614714669,-1.337081572,-4.293445719,-2.234337674,0.079324294,-3.929618869,-4.255919554,0.095187411,-5.212699025
SymbC1.scaffold2496.8,0.000524,Dnah5,-2.608359354,-3.957102042,-1.999699741,-4.491845345,-1.74507824,-3.925891558,-1.684841655,0.212608138,-3.213925,-4.961350952,-1.31880096,-4.677254931
SymbC1.scaffold2368.3,0.000549,DHC1,-2.709140593,-7.873749306,-10.65327064,-4.821142747,-3.328305582,-9.09864897,-4.079761576,-3.733977157,-11.1190099,-4.924634683,0.269592415,-8.299445479
SymbC1.scaffold2845.2,0.000613,At1g70730,-2.09310161,-9.214750674,-7.752205179,-3.153715719,-3.547304588,-2.402098444,-0.74805695,-0.915238724,-1.930472895,-3.549098985,-0.477204784,-3.106402221
SymbC1.scaffold4973.3,0.000621,fumB,-1.645823286,-3.98660284,-5.078153603,-2.90409183,-1.929939391,-3.977549019,-1.17882934,-0.837115261,-3.197159938,-3.079327045,-0.582479713,-4.524462235
SymbC1.scaffold236.11,0.000652,PGIC1,-1.581309094,-3.518394887,-5.094088791,-2.624950579,-1.958480731,-4.315594793,-1.414736224,-0.399391469,-3.891051639,-4.788937559,-0.417937904,-4.988368612
SymbC1.scaffold6124.1,0.000658,TDP1,-1.776612842,-3.234800663,-4.54575596,-2.763676221,-1.614709844,-3.47175189,-2.559029347,-0.702714836,-2.627873278,-5.019899557,-0.557556343,-3.455114939
SymbC1.scaffold3589.1,0.000685,CSB,-1.547010117,-3.212556554,-4.180800849,-2.325474256,-1.645937894,-3.234558045,-1.315088466,-1.137414937,-3.136105467,-2.561476866,0.501260798,-3.642240487
SymbC1.scaffold1416.4,0.00072,Os01g0197200,-1.90914664,-3.038013405,-3.465024839,-3.361181768,-1.964683424,-3.632268215,-1.529702698,0.081295576,-3.545712407,-4.366776066,-0.48728348,-4.334876563
SymbC1.scaffold826.6,0.000802,DIMT1,-1.721528905,-8.841101797,-9.980094939,-3.219534228,-5.089920584,-6.291554446,-1.751065791,-2.499527024,-4.40641762,-5.361505198,-0.938599455,-3.776542697
SymbC1.scaffold4073.1,0.000843,At1g09620,-1.692964598,-4.715687492,-5.009046435,-2.941352227,-2.012939056,-3.637429921,-1.403355694,0.848898873,-3.232021123,-4.822220272,-0.430839968,-5.225068362
SymbC1.scaffold8347.1,0.00086,eIF-2gamma,-1.483306248,-3.087355133,-5.294924909,-2.697625369,-1.830269314,-4.396013899,-1.687274542,-0.835213501,-5.506555531,-6.047114475,-0.435028059,-3.54576249
SymbC1.scaffold3756.4,0.000887,ileS,-0.894658793,-3.530724264,-4.378906221,-0.990740855,-1.191802679,-2.900396529,-0.888246419,-0.976482193,-2.773110709,-2.019305597,0.483919898,-2.06206297
SymbC1.scaffold5006.2,0.00089,At5g26710,-1.337075646,-4.702657616,-5.817130171,-2.135101418,-2.18505627,-3.968046644,-0.307988904,0.002958639,-2.214005836,-3.816251628,-0.232249537,-4.177299489
SymbC1.scaffold4842.4,0.000895,UBA1,-2.330303428,-4.251693593,-4.932682982,-3.600884643,-2.26052755,-3.430452552,-2.161398141,-0.970828064,-3.444145208,-3.4973449,-2.185355042,-5.461479447
SymbC1.scaffold426.2,0.00093,Chek2,-0.340571007,-2.827948117,-4.975611265,-1.418421872,-2.22894441,-4.079368054,-1.316559133,-1.200721647,-3.333276527,-2.607702574,1.32445311,-2.792920634
SymbC1.scaffold739.3,0.00094,PPP5C,-0.909312062,-4.095004379,-4.86624334,-0.937508954,-1.586825245,-4.510589659,-0.910528142,-0.279971255,-2.877242897,-4.321928095,0.885357434,-3.206450877
SymbC1.scaffold344.6,0.000976,AK812_SmicGene39686,-1.019351994,-4.438258726,-4.061882847,-1.917491725,-1.67269135,-2.756484287,-0.872315537,-0.998486337,-3.859224162,-2.499442598,1.274526887,-1.594575287
SymbC1.scaffold304.13,0.001022015,sec61a,-2.310164245,-7.682557764,-8.171686321,-3.056778962,-4.378686485,-8.370349401,-0.220667069,-0.325366951,-5.936539654,-7.876631215,0.44470555,-6.838171987
SymbC1.scaffold1616.6,0.001038413,AK812_SmicGene31214,-1.413611292,-2.986106314,-4.126424854,-1.851689032,-1.30256277,-3.575581264,1.125062016,2.058585058,-0.918145163,-3.353636955,-0.225797355,-5.344648171
SymbC1.scaffold1600.1,0.00109782,unc-104,0,0,0,0,0,0,0,1.684498174,-1.222392421,0,0,0
SymbC1.scaffold4007.3,0.001150029,ppsB,-1.643287034,-3.098824737,-5.023075316,-1.584055496,-1.101760339,-3.364794744,-2.246190896,-1.069176469,-3.626124594,-3.83540254,0.378521655,-3.301598079
SymbC1.scaffold800.2,0.001262616,AK812_SmicGene33715,-2.612605256,-3.377128262,-8.212089356,-2.978060726,-1.18604622,-5.479331176,-1.895068473,-0.082795361,-4.599290452,-5.131928064,-1.231701199,-6.242427606
SymbC1.scaffold1894.1,0.00127366,Mcat,-1.333243408,-4.255390793,-4.48065711,-1.98632211,-2.030839306,-4.156427437,-0.130385205,0.088546074,-2.956772757,-3.58323782,0.322119828,-2.796716402
SymbC1.scaffold213.3,0.001276804,ACAC,-2.998767449,-6.806648486,-9.690313983,-4.752007986,-3.228050336,-9.541270977,-2.771953089,-0.034179659,-5.78694132,-6.917242892,0.646370548,-6.412698624
SymbC1.scaffold2850.1,0.001437666,gapN,-0.165857632,-3.915879379,-6.848063995,-0.562563308,-1.740660078,-6.441099796,-0.995540352,-1.843537258,-5.01346226,-3.514573173,-0.173536255,-4.152003093
SymbC1.scaffold5671.1,0.00157525,TY5A,-0.468048193,-3.345855838,-3.459544349,-1.113102563,-1.722406225,-2.915799253,-0.557628934,-1.389058428,-2.413860208,-2.487881848,0.332192054,-1.920688947
SymbC1.scaffold5548.2,0.001587951,MPA1,-2.47608578,-3.46982679,-3.922832139,-3.508507258,-1.69138456,-3.784033848,1.514573173,3.362570079,-0.222392421,-3.832890014,1.506959989,-2.417852515
SymbC1.scaffold2276.3,0.001816261,Esyt3,-3.795314138,-7.521455023,-12.21474767,-6.403002241,-3.398732017,-8.870530375,-2.234624339,0.551339411,-5.570501383,-10.68325783,0.136227368,-8.791140841
SymbC1.scaffold4815.1,0.001879346,AQR,-2.299107816,-2.223022096,-5.500930713,-3.344195706,-1.231856401,-3.949527006,-2.597889365,0.623316744,-3.004453323,-5.045972961,0.62928044,-4.515886789
SymbC1.scaffold1576.12,0.002032246,Eftud2,-0.64159367,-3.454654854,-3.182224514,-1.063040184,-1.837322642,-2.697309473,0.166754148,-0.3995485,-1.52283352,-2.297753802,-0.134977365,-2.485277112
SymbC1.scaffold3428.2,0.002034657,AK812_SmicGene34664,-0.317590569,-2.395726245,-2.801886315,-0.369820528,-0.428843299,-2.222392421,-1.711702142,-0.305141314,-4.101456113,-1.674843882,0.996388746,-2.016655401
SymbC1.scaffold127.8,0.002096309,AMT1-1,-0.924948726,-3.567972954,-2.687143537,-1.660721256,-2.073589855,-3.113583262,-0.438724224,-0.476199096,-2.9650611,-3.369067524,-1.607967272,-4.713689302
SymbC1.scaffold1889.7,0.002101203,Dync1h1,-1.133351197,-4.319897101,-5.050052547,-1.463245378,-2.416657595,-3.822001698,0.486451015,-2.533914446,-5.007421249,-1.070120944,1.927999322,-1.8417738
SymbC1.scaffold4325.2,0.002102787,HMCN1,-1.350003504,-3.833630946,-4.996373183,-2.368447824,-1.52782927,-5.813231488,-0.559102467,-0.781257427,-3.645195878,-2.296049463,0.983552159,-3.952882713
SymbC1.scaffold4218.1,0.002125671,nasB,-1.047880944,-3.378469842,-4.226665003,-1.646749679,-1.496299001,-2.55386116,0.213343997,0.163827287,-1.681115251,-2.767163784,0.325793131,-2.614476402
SymbC1.scaffold460.6,0.002189564,grsT,-1.652462554,-4.321965316,-5.283472331,-2.475447004,-2.10074631,-4.278768291,-0.87897736,-0.668894906,-4.02908092,-2.880192203,0.032134936,-3.872691852
SymbC1.scaffold4027.4,0.002228367,ilvD,-1.370393584,-3.47925706,-5.859822342,-2.987777563,-1.728677623,-4.064842955,-1.290273804,0.2952002,-2.567187799,-6.525912261,1.24535317,-4.532798646
SymbC1.scaffold1632.1,0.002278675,LEUA,-1.082258473,-3.654647401,-4.364077529,-1.771255485,-1.842875316,-3.299621913,-0.885933495,0.718808651,-1.893500335,-4.385264987,-0.215967967,-3.541646297
SymbC1.scaffold496.5,0.002285841,clpC,-1.254159467,-4.378474219,-3.81263759,-1.98691281,-2.252945588,-3.039340892,0.133855747,0.882015927,-1.929610672,-3.14385753,-1.400518659,-3.314719651
SymbC1.scaffold2589.2,0.002328324,ycf24,-1.595016233,-3.272579289,-4.013872175,-2.462063632,-1.53224924,-3.759835038,-1.200479167,-0.091326222,-3.188927402,-3.501964341,-0.181539139,-3.425019624
SymbC1.scaffold428.1,0.00244935,CHLP,-2.9626496,-10.25261,-11.222068,-3.6376875,-4.0090679,-5.7681198,-3.9765958,0.84440078,-4.1491949,-10.81049,0.1606377,-7.4296626
SymbC1.scaffold5190.4,0.002477192,ndor1,-1.631574313,-4.099214859,-6.849600575,-2.245667548,-1.596405512,-4.073759039,0.144323036,0.006224648,-2.603359982,-2.423471587,0.274191046,-2.420191136
SymbC1.scaffold3745.3,0.002507476,GLT1,-1.130412343,-3.747085564,-4.988039997,-2.540632826,-2.113818756,-4.803606965,-0.243029681,-0.100507665,-2.547442943,-2.060642957,0.56613972,-3.048787213
SymbC1.scaffold6541.1,0.002580183,Copb2,-0.595286805,-4.789447069,-3.799244557,-1.014304155,-2.176717404,-2.659509454,0.463365368,-0.697099304,-1.694031285,-3.359973754,1.872212033,-1.764907295
SymbC1.scaffold3181.2,0.002705178,ap1g1,-0.144806888,-3.161321975,-6.619669268,-0.741842221,-1,-3.819427754,-1.058316496,0.642123223,-4.532247684,-4.106199404,0.786885392,0
SymbC1.scaffold714.9,0.002725128,IMPA4,-1.956196438,-3.836531424,-6.354533262,-3.242688344,-1.778801624,-6.119345397,-1.983967256,-1.16717439,-5.249203346,-3.654364799,-0.719172957,-4.860086789
SymbC1.scaffold3366.1,0.002738178,UVR8,-3.341889636,-8.064490834,-8.751915511,-6.178169858,-3.759709926,-7.379555661,-1.279576259,-0.433332106,-5.801015426,-8.281698115,0.437617264,-8.170723279
SymbC1.scaffold1058.1,0.002982779,NRT2.5,-1.498026864,-4.45644776,-6.800402161,-1.591136268,-0.36491402,-4.429684275,-0.559083869,0.440916131,-2.460680165,-4.11042399,1.595769256,-3.733354341
SymbC1.scaffold3350.5,0.003057768,SLC25A17,-0.850204339,-2.959559074,-5.714245518,-1.775296688,-0.870812497,-3.953480155,-1.179939426,-0.187779165,-4.814517802,-3.333551581,0.297214609,-4.604137803
SymbC1.scaffold2781.4,0.003062868,cnnm4,-1.201194296,-3.788808115,-4.164026339,-2.243581606,-1.509435465,-3.096326117,-1.219899758,-0.944113444,-3.165725517,-3.34375631,-0.652472592,-4.188280475
SymbC1.scaffold2208.1,0.003084363,AK812_SmicGene7786,-1.441656384,-3.495094158,-3.769977001,-2.006564297,-1.906557756,-2.916018085,-0.248368683,-0.057668787,-1.921553805,-2.98244048,-0.667774604,-4.168465378
SymbC1.scaffold4695.1,0.003320545,AK812_SmicGene13884,-3.504519508,-3.115477217,-7.31187443,-4.971645519,0.23200751,-4.417085328,-3.435963338,0.14134559,-3.953811643,-5.437405312,-0.820243989,-5.767553914
SymbC1.scaffold688.10,0.003344954,GONST4,-0.415037499,-3.584962501,-5.584962501,-1.678071905,-3,0,0,-0.321928095,0,0,-1.584962501,-1.678071905
SymbC1.scaffold539.3,0.003427377,AK812_SmicGene2419,-2.814210256,-2.703324872,-3.938430311,-4.946441597,-1.134441884,-4.626651837,-2.064204797,0.130826482,-5.222167848,-5.848372299,-2.433098626,-7.647445504
SymbC1.scaffold6469.4,0.003550377,STK33,-1.168453614,-3.338966741,-4.340389631,-2.143960294,-2.098798476,-3.371816971,-1.133910663,-1.068651689,-3.751082286,-3.000466506,-1.066630199,-3.210047708
SymbC1.scaffold9698.2,0.003573845,mkkA,-2.347067141,-3.393278153,-4.939619359,-3.764403756,-2.612796709,-6.179143531,-2.119036945,-0.261259018,-5.527639452,-5.898120386,-1.786503683,-7.187627003
SymbC1.scaffold4455.1,0.003585054,TMN7,-2.930593993,-4.082597086,-5.815116775,-3.110300015,-0.450119958,-3.402098444,-1.266475649,-0.773092098,-4.208888157,-2.313580752,0.25276607,-4.036740547
SymbC1.scaffold3651.5,0.003706605,SVEP1,-1.294047689,-4.028123517,-5.839352812,-2.401303543,-1.892724349,-4.810262189,-0.769270687,-0.253294678,-4.500658994,-3.297629956,-0.034595551,-3.765126687
SymbC1.scaffold380.3,0.00374369,Shal,-1.948959202,-3.334828294,-5.318247748,-2.213561138,-1.149274492,-4.434526937,-1.324035938,0.633474124,-3.481614727,-4.636331153,-0.553211518,-6.64457543
SymbC1.scaffold731.5,0.004045146,yciC,-2.488472497,-6.038771865,-10.15466572,-3.798367293,-1.362528562,-7.169775006,-4.750962971,-1.268782548,-9.072097049,-9.271479843,-2.304181035,-7.631339552
SymbC1.scaffold3249.3,0.004049695,Tldc2,-2.821024057,-5.165262314,-4.561684135,-1.83309689,-1.225066556,-3.169925001,-1.810029056,-0.362570079,-1.376375879,-7.124121312,0.468709432,-3.053731984
SymbC1.scaffold1100.3,0.004160771,pol,-1.775106943,-4.324304629,-7.134693164,-3.16846841,-1.389103035,-4.651530118,-1.765946651,-1.076209495,-4.351682145,-2.809931601,0.816637972,-3.782275258
SymbC1.scaffold5141.3,0.00424366,FRAS1,-4.215282286,-7.12096637,-7.296856112,-6.874072889,-3.030233365,-7.818287731,-2.693039131,-1.08785203,-9.13977569,-9.176495486,-2.500753827,-10.41181852
SymbC1.scaffold1484.4,0.004472612,FEM1B,-1.253608136,-4.558868825,-6.558868825,-3.040808846,-2.555518723,-3.333126301,-0.502500341,-0.971985624,-3.224966365,-0.771761321,1.163698427,-0.938658629
SymbC1.scaffold2084.2,0.004702705,Cyt-b5,1.05246742,-3.240314329,-5.562242424,2.177998302,-2.459431619,-3.459431619,3.169925001,2.584962501,2.655351829,0,2.021418984,-3.115477217
SymbC1.scaffold5575.5,0.005074804,ANK1,-1.458225334,-3.189718871,-5.074552546,-1.704099188,-2.285402219,-4.799975392,-1.680886921,0.309116366,-1.814266049,-3.081917562,1.565462651,-1.976122898
SymbC1.scaffold681.1,0.005286054,Zdhhc8,-2.897793335,-4.658740427,-5.268577596,-3.759596041,-1.066387397,-5.333423734,-0.732127037,1.022760465,-3.057682528,-4.954418966,0.512835549,-2.992893114
SymbC1.scaffold127.14,0.005386406,ap1b1,-1.818513254,-4.317254816,-5.050071455,-2.218651877,-1.508932264,-3.451807298,-1.263139269,0.254854446,-2.926279216,-2.645328567,-2.038667452,-5.317451792
SymbC1.scaffold801.1,0.005411179,Ttn,-1.829792311,-4.866248611,-4.868228975,-3.444233422,-2.305740175,-4.416164165,-1.453326651,1.522895966,-1.699387978,-8.740678926,1.08093469,-3.501652445
SymbC1.scaffold9671.2,0.005445703,SCN11A,-1.886794847,-4.06298306,-5.56402158,-2.623760441,-1.662657566,-3.103230157,-0.560142975,0.506437581,-2.84000701,-5.217239334,-0.146086878,-4.016790782
SymbC1.scaffold466.3,0.005446809,AK812_SmicGene16779,-1.919045504,-3.411136062,-4.675774353,-3.907363699,-1.436835254,-5.872125177,-2.141288397,0.235204059,-3.537217073,-4.618673713,-0.790980124,-5.421227649
SymbC1.scaffold2539.8,0.005452356,proP,-1.284050314,-3.087737274,-4.206628867,-2.212420637,-2.219046264,-3.7153766,-0.682638303,-1.372413962,-3.239014837,-3.887781773,0.372952098,-1.454822365
SymbC1.scaffold578.7,0.005636684,SLC8A2,-1.362763605,-4.124223575,-4.112159916,-1.347894306,-2.596497471,-2.844504491,1.181594891,-1.305160928,-1.846822175,-1.858442273,0.981864091,-1.129645009
SymbC1.scaffold760.3,0.005919883,GABBR2,-2.556243512,-1.956348546,-5.336702635,-4.101853325,-0.412574224,-4.307876846,-2.41460574,-0.567812355,-4.143793984,-4.851613438,0.054260341,-4.217503876
SymbC1.scaffold1853.7,0.006289672,sft2,0,-1.584962501,0,0,0,0,0,0,0,0,1.859822342,0
SymbC1.scaffold322.8,0.007005741,slc25a42,-1.308274227,-3.760789874,-3.286877959,-2.678016117,-1.833881757,-3.784271309,-1.66998384,-1.066844237,-3.540074517,-3.620921442,-0.974378132,-4.059839075
SymbC1.scaffold1211.3,0.007172095,fadB,-1.849475835,-5.131602922,-4.859762619,-2.80572794,-2.465663572,-3.173482821,0.35901226,1.877575029,-2.003557819,-2.590676152,0.884353814,-3.641956657
SymbC1.scaffold2818.3,0.007537311,GRINA,-0.646653763,-3.512027748,-7.556421867,-2.132746903,-1.544363588,-5.83530399,-2.247677718,-0.8940859,-3.927649156,-3.202579586,1.484948098,-2.752648608
SymbC1.scaffold2188.4,0.007654322,MAP3K3,-1.642665777,-4.185910099,-4.801921036,-2.812590779,-1.196397213,-2.748344656,-1.240547983,0.823122238,-1.418546285,0,0.666576266,-3.366322214
SymbC1.scaffold2754.2,0.008011821,Cacna1i,-1.649150489,-2.519867472,-4.218288023,-1.660646128,-1.584962501,-2.440338938,-0.112835809,-0.678071905,-1.371800405,-3.579013234,2.792825243,-0.5334322
SymbC1.scaffold802.5,0.00859538,AK812_SmicGene13956,-1.70284704,-4.875526425,-6.685164454,-1.822107184,-2.390588091,-4.311153623,-0.732689752,0.63370562,-1.222292679,-3.242585133,-1.450213089,-4.842879288
SymbC1.scaffold9141.2,0.008624385,NCS1,-1.283909088,-3.596994865,-4.892037897,-2.296518864,-2.191523022,-4.316132077,-0.641603986,-0.594593918,-2.319021459,-3.45411728,0.183064076,-3.159024933
SymbC1.scaffold3505.1,0.008650224,rskn-1,-1.605002283,-4.156204316,-6.870149415,-2.852655155,-1.701470092,-4.500807546,-1.745186101,-0.241862069,-4.838655427,-4.307560777,0.233017021,-4.493973901
SymbC1.scaffold2748.1,0.008833968,Clk1,-0.394273803,-1.999783046,-6.414638743,-1.169434871,-0.566374961,-5.064548449,-1.607408079,-0.218334598,-4,-4.533560243,1.711125035,-3.411504922
SymbC1.scaffold1854.3,0.008984047,GLYK,-1.600544109,-2.911567676,-4.494013671,-2.850650699,-1.530993302,-3.722134789,-1.31869456,-0.345438464,-2.769110889,-2.96849566,0.933094066,-3.413701052
SymbC1.scaffold664.1,0.009471522,PDK,-1.328591825,-2.508570491,-4.84644013,-0.960860041,-1.655229364,-3.558267634,2.653566315,5.799281622,4.360063224,0,1.325582689,-2.692662368
SymbC1.scaffold409.14,0.009876002,aceE,-1.387886232,-3.153564963,-3.829707055,-2.235305314,-1.88260286,-3.255234223,-0.213653498,-0.754723727,-2.900783848,-2.337060318,-0.410989797,-3.019729288
SymbC1.scaffold83.11,0.010913769,aifA,-3.305751004,-4.199740028,-3.706982704,-5.409768095,-2.332835781,-4.439750985,-2.191343985,-0.120294234,-4.390531909,-7.856784631,-1.495515645,-5.065371253
SymbC1.scaffold10331.2,0.011090516,kmo,-0.645650427,-3.625807446,-9.603087369,-1.093672789,-2.034320073,-6.941210669,-1.101252146,-1.517495408,-4.832032543,-2.435533351,3.561714694,-1.300608371
SymbC1.scaffold2413.1,0.011752601,AK812_SmicGene42885,-1.139317057,-4.779503313,-4.853546251,-1.288469254,-2.504217795,-3.792231341,-0.326970787,-1.32332335,-3.205671449,-2.406612536,0.353345302,-2.978515662
SymbC1.scaffold2503.2,0.013360655,PRKAA1,-2.129608103,-2.888187769,-7.567027158,-3.612690989,-1.932885804,-6.290437809,-0.819559684,0.28623498,-3.87928292,-5.402344583,-0.698987381,-6.946473366
SymbC1.scaffold3185.7,0.013691232,GST1,-1.869763832,-4.797076848,-5.166384644,-0.092156253,-1.530514717,-3.600904045,-0.098403704,1.539874611,-0.378855163,-3.437063806,-0.119251819,-4.362570079
SymbC1.scaffold6251.1,0.014084157,PFP-BETA1,-1.134838463,-4.612094593,-5.906019772,-0.688025939,-1.999774561,-4.213178199,0.020295115,-0.896164189,-1.925257101,-3.510961919,1.434481917,-1.964810572
SymbC1.scaffold6303.1,0.01437176,pme-5,-2.391154206,-3.12116896,-5.731689087,-3.699703271,-1.899071091,-6.243454037,-1.734097412,-0.274333872,-4.621447978,-5.127885521,-0.781585906,-6.42075115
SymbC1.scaffold310.10,0.014618433,rpc2,-2,-4.222392421,-6.392317423,-4.415037499,-1,0,-1.678071905,3.607330314,1.129283017,0,0.447458977,0
SymbC1.scaffold5939.4,0.014966039,SPY,-0.072415391,-3.255751932,-5.123359799,-0.197651574,-1.448195986,-4.862201778,-0.9177466,-1.062096121,-3.221271881,-3.382850213,0.773223482,-3.147420269
SymbC1.scaffold3306.6,0.015805381,yojK,-1.624170798,-3.3705468,-6.403217169,-2.591308911,-1.068378093,-4.979110755,-2.31006794,-0.630782156,-4.187352073,-2.447059954,-0.606205117,-5.08330296
SymbC1.scaffold1808.2,0.0164537,cgt,-1.222322815,-4.045444567,-3.877674644,-1.77206604,-1.825128734,-3.95307654,-1.077584362,-0.756083343,-3.53383707,-2.506941401,0.663085282,-2.663184317
SymbC1.scaffold535.6,0.016921649,ppsA,-1.918117535,-3.496500473,-4.668755221,-2.803387828,-1.852101305,-3.277681182,-1.501641849,-1.153903049,-4.202645661,-2.991637416,0.229661891,-3.311054291
SymbC1.scaffold1466.4,0.017512182,rihB,-0.960592647,-2.652012359,-3.548264435,-0.718391744,-1.040641984,-2.876193798,-0.643784501,0.917082324,-1.73438705,-3.430997891,0.9212055,-4.292781749
SymbC1.scaffold227.10,0.017825195,ACP5,-2.841470237,-7.094513498,-8.189757964,-4.934884664,-4.020129993,-8.442006256,-1.922064536,-2.439360403,-6.864108529,-5.879803413,-0.476114229,-6.18765033
SymbC1.scaffold651.11,0.019097421,VPS11,-1.108681094,-3.188265084,-5.898609798,-1.55704038,-1.602392915,-4.154062034,0.670328401,-1.733980646,-3.673018677,-2.354055066,1.251421708,-0.454927188
SymbC1.scaffold4833.1,0.019247714,ECA1,-3.183797176,-4.665538956,-3.273221534,-4.708434032,-1.452286012,-4.609525754,-4.135112096,-0.277965752,-8.624047709,-9.654254123,-4.998902295,-10.29811031
SymbC1.scaffold51.2,0.019838202,PTPMT1,-2.204415755,-3.985493737,-5.231395266,-3.509366168,-2.218072963,-4.664448429,-1.24623224,-0.429442565,-3.949348804,-4.858730121,-1.258089462,-5.221389628
SymbC1.scaffold2225.3,0.020028592,pyr-1,-0.544044291,-3.539026217,-7.75731424,-0.433861374,-1.506959989,-4.176811387,-1.693975965,-1.470499218,-5.389362456,-4.034366659,-0.557861527,-5.61932916
SymbC1.scaffold1096.3,0.020121104,HISN4,-1.129231949,-3.849653038,-6.469380957,-2.23876764,-1.957947618,-4.026364704,-1.680735235,-0.733595123,-3.090536086,-3.007018233,-1.414049682,-3.340110731
SymbC1.scaffold8076.3,0.020214095,tnaA,-1.631836439,-3.192645078,-5.591194454,-2.010003373,-1.409875794,-2.802193217,-1.053242021,-0.57800974,-2.564203941,-3.246740598,1.167944637,-2.491853096
SymbC1.scaffold4111.1,0.020265086,HERC4,-1.328413414,-3.292894986,-5.524751387,-1.917480313,-1.204403049,-4.255559285,-1.890375509,-1.326401571,-5.054928877,-4.285244124,-0.309863291,-5.026785943
SymbC1.scaffold10308.1,0.020728442,Ranbp2,-2.217845897,-3.728466164,-3.713680072,-3.560403585,-2.253417185,-3.016674314,-1.246495495,-0.387949954,-3.598322662,-4.68571284,-0.84124434,-4.515341663
SymbC1.scaffold5250.2,0.021903898,pckA,-1.253786002,-2.722344307,-4.991951017,-2.643784074,-0.461872927,-3.274026018,-1.437345279,0.246262081,-2.799446751,-4.563395441,1.161118412,-3.258166058
SymbC1.scaffold2004.1,0.022340556,proRS,-1.388571889,-4.511104595,-7.873730333,-1.663173623,-1.935331742,-4.383384298,0.396178472,0.301169535,-2.714245518,-1.691586712,1.858154929,-2.79027399
SymbC1.scaffold1222.3,0.022572534,ttc30a,-2.142211591,-3.742944447,-5.873853508,-2.861967895,-1.736965594,-4.039784866,-1.513393393,-0.058047285,-3.440311043,-6.31187443,0.281023778,-5.036784586
SymbC1.scaffold2952.4,0.022670509,ada,0,0,0,0,0,0,0,-0.192645078,0.736965594,0,0,0
SymbC1.scaffold1585.9,0.024203458,KIF3A,-1.213175838,-4.025840942,-4.246666841,-1.669427934,-1.780882711,-4.512393875,-0.745869382,-0.250198301,-3.085306323,-2.767408424,-0.011801993,-4.086894752
SymbC1.scaffold1845.2,0.024203905,Rpl3,-1.052663228,-4.52713332,-6.565483493,-0.524644525,-1.341649428,-3.738767837,-0.792564516,-1.536343796,-4.449676802,-3.974004791,1.121071234,-3.343954401
SymbC1.scaffold9974.1,0.025466179,At4g34450,-1.339083953,-4.288980126,-5.655519107,-1.668859909,-1.651704052,-3.46727948,-0.591767679,-2.540635469,-3.593102889,-2.691272051,1.043557799,-1.055977874
SymbC1.scaffold703.8,0.025817092,Wdr35,-2.621488377,-3.831280761,-2.785766102,-3.001422075,-1.106368625,-4.150762744,-0.810029056,0.756601622,-3.339850003,-5.43923847,-2.210896782,-7.129283017
SymbC1.scaffold714.1,0.025855797,ODA4,-2.947263821,-3.368498233,-4.823885288,-4.781305895,-1.538202068,-4.149293589,-2.130685494,0.146235372,-4.708375276,-5.754604868,-1.592084988,-6.37203788
SymbC1.scaffold6721.2,0.0267403,Prpf8,-1.869433456,-2.422737328,-3.895217482,-3.263449936,-2.321275144,-3.711146629,-0.093989748,-0.547987476,-3.192617587,-4.157056199,-1.501439145,-4.764473551
SymbC1.scaffold128.2,0.027378472,CFAP251,-1.651473897,-4.453734479,-5.35185533,-2.099996416,-2.082834936,-4.181495828,-0.414495294,-0.48686907,-3.827926532,-1.983462733,0.241283617,-2.960602651
SymbC1.scaffold2295.3,0.02771482,NOP14,-2.020262958,-4.854156139,-5.862202896,-3.401325914,-2.142359114,-4.595531742,-1.170836869,-0.417276111,-3.047834017,-2.445741518,0.161604938,-3.801426506
SymbC1.scaffold8353.2,0.027765033,AK812_SmicGene43656,-2.084603002,-3.502749399,-3.782151465,-3.624804527,-1.994174687,-4.370535234,-2.397941823,-0.74795594,-4.22951916,-3.40103059,-1.606251379,-5.05933924
SymbC1.scaffold879.9,0.028006115,ruvbl1,-2.264561792,-2.903533878,-5.375738872,-3.499650012,-0.581273685,-4.114137223,-2.759673616,0.080304828,-4.831134862,-5.807469928,-0.343773064,-6.504400861
SymbC1.scaffold2699.3,0.028554922,UBE4B,-1.690369166,-2.99039259,-3.894320325,-3.370035377,-1.171271427,-3.545666942,-1.749492903,-0.478701534,-3.848157792,-4.374781458,-1.029393653,-4.22370505
SymbC1.scaffold365.6,0.029224797,RPN2A,-0.591848886,-5.977279923,-6.714245518,-0.784493964,-2,-5,-2.169925001,-4.339850003,0,0,-4.584962501,-5.584962501
SymbC1.scaffold15053.2,0.029951063,DNAH7,-1.981840006,-3.526410318,-6.985841937,-2.966072691,-1.308122295,-4.448900951,-2.005538184,-0.402873681,-5.32336188,-3.106915204,-1.914816705,-5.196397213
SymbC1.scaffold1401.12,0.031898972,Gars,-1.558893034,-2.530035178,-3.951328732,-3.157207429,-0.954324813,-3.263504416,-2.811890114,-0.558605022,-4.110481259,-4.156335514,-0.913122549,-4.987754141
SymbC1.scaffold1384.2,0.032220089,Atp5b,-2.199102372,-4.535914704,-4.206312682,-2.992754918,-2.199308808,-4.146841388,0.195131769,-0.594117216,-3.111965521,-2.693428156,-1.551797398,-4.787654918
SymbC1.scaffold601.1,0.034516003,INP53,-3.906102865,-2.638709473,-4.867088189,-6.292706636,-1.416459118,-4.661610819,-2.077887242,0.870226531,-6.624135478,-9.80000108,-2.67252256,-8.015729772
SymbC1.scaffold384.10,0.034840844,ENO,-1.544320516,-3.888968688,-7.473931188,-1.859822342,-1.684958291,-2.415037499,-1.901068467,0.174890967,-3.539158811,-5.581335105,-2.679606215,-6.744833837
SymbC1.scaffold992.2,0.035275981,AK812_SmicGene43485,-0.861101894,-5.77546761,-7.164936671,-1.036673459,-1.584962501,-3.555215157,0.050331676,0.035832106,-3.271596419,-3.058893689,1.818577917,-2.380821784
SymbC1.scaffold225.5,0.035686309,THIC,-2.051544939,-4.566023747,-4.134038208,-3.069341086,-1.885810561,-2.918267621,-2.478353266,-0.122556336,-3.554588852,-5.673113733,-1.356773948,-6.13100461
SymbC1.scaffold4992.8,0.035999549,SAHH,-5.033629527,-3.921935549,-4.115364944,-3.854504761,0.9268231,-4.942006392,-5.489822001,0.553579118,-7.79229246,-11.64686076,-0.771142939,-9.877251609
SymbC1.scaffold517.7,0.036663977,norA,-0.435169099,-2.967877527,-4.103607469,-0.781885227,-1.976283931,-4.158808969,-1.241261953,-0.795754925,-2.905736049,-3.398017558,-0.043569639,-4.226850747
SymbC1.scaffold661.13,0.038048418,TPC1A,-1.539628967,-2.873724877,-4.539417785,-2.575659353,-2.144656126,-3.164156377,-0.702501293,-0.648122213,-2.205987417,-3.160665796,0.031765856,-3.229474312
SymbC1.scaffold8737.1,0.039996903,RNR1,-1.833315337,-7.607318892,-12.35407088,-2.924296765,-3.736202474,-7.657241332,-1.438648459,-1.125076994,-7.193314003,-5.127251105,2.745277226,-2.454061421
SymbC1.scaffold1524.1,0.043145151,AK812_SmicGene36,-2.258749775,-3.432551348,-4.39900933,-2.498532199,-1.730370957,-4.413265245,-1.01847711,-0.29943193,-2.095143306,-4.202070418,0.098846312,-4.520051329
SymbC1.scaffold5753.3,0.043816008,pht4,-0.280107919,-4.502500341,-7.409390936,1.041820176,-1,-4.584962501,-1.888968688,2.98550043,-3.836501268,-4.359895945,1.27237227,0
SymbC1.scaffold3578.5,0.044911279,PETH,-1.568453152,-3.490355833,-3.865246184,-1.836772906,-1.330747796,-3.327349219,-0.547141857,0.663658783,-1.648244942,-4.738373789,0.214987387,-4.365052107
SymbC1.scaffold5041.4,0.045272552,MTR1,-1.168911873,-4.270906513,-3.282419525,-1.695589802,-2.693486957,-3.046412807,-0.756708611,-0.135637435,-2.101773983,-3.301053553,-0.803735471,-4.138082164
SymbC1.scaffold3781.8,0.04691235,gpt,-1.971138605,-5.029980997,-7.500523587,-1.983382201,-0.864344901,-3.886712714,-0.449494287,-0.084697165,-3.160464672,-1.779969034,0.838858591,-2.601865044
SymbC1.scaffold272.8,0.047027217,eco47IIM,-2.040742419,-3.563529774,-5.189134259,-2.527645905,-1.201633861,-3.344238257,-0.900125308,-1.97812782,-4.9256604,-2.752213368,1.035689192,-2.167250867
SymbC1.scaffold3047.1,0.047764187,hgiCIIM,0.754887502,0,0,-3.611434712,-4.558967292,0,-0.874469118,-2.511899039,-5.944858446,-2.22881869,0.595609745,0
SymbC1.scaffold8254.1,0.04930858,ABCB1,-1.263020357,-3.772575455,-3.846389871,-0.86213112,-2.651051691,-3.48112669,0.648365398,0.472333646,-0.852709034,-3.552574009,0.578934067,-3.267645249