Gene,log2FoldChange
HMA2,-5.498667106
USP2,-4.906461481
APX3,-3.893559231
Cdk1,-3.687176943
pikAIII,-3.620415892
atad-3,-3.185705829
ddl,-3.165590946
AK812_SmicGene22269,-3.14113482
TRIM11,-3.076324248
aspA,-3.052011947
atad3-a,-2.939024212
At5g06550,-2.902995112
Pfn,-2.564481828
Os07g0555200,-2.513897423
PAOX,-2.461183958
FCPA,-2.443091667
aarA,-2.423140044
AK812_SmicGene24679,-2.346852652
fbaA,-2.339642991
Tex14,-2.320321316
Nhlrc2,-2.255840849
CAF1-10,-2.235959837
CPPED1,-2.225741122
MJ0571,-2.126039945
TSPGSL018_30470,-2.016484081
FPR1,-1.972375392
regA,-1.932841956
FNTB,-1.908112762
SAMN05444159_3017,-1.895179726
KTR3,-1.883259771
BIO2,-1.867047802
NEW1,-1.865526134
ydjX,-1.86315901
At1g18010,-1.863055206
NITA,-1.857757612
USP48,-1.8151128
Tmprss13,-1.777468563
TLL1,-1.776715619
YDJ1,-1.764244952
livC,-1.753213917
nas-4,-1.748468614
DDB_G0270104,-1.748058097
hemC,-1.744249632
RpL17,-1.71947172
SF3B4,-1.703618584
RSP4,-1.702753386
PP5,-1.683977017
Dcps,-1.652714357
KCNA6,-1.645821207
ppaX,-1.642822668
WBSCR27,-1.640348385
PFP-ALPHA1,-1.619394307
AMC9,-1.615474747
Pkd2l1,-1.61409867
RPL27,-1.595643322
IMP2,-1.58684939
tea1,-1.586281511
AK812_SmicGene18281,-1.567645187
rpusd1,-1.553258565
EPHX2,-1.552714754
CES2,-1.548562222
AK812_SmicGene19008,-1.517467421
cep170b,-1.516987187
KLHL3,-1.50646846
WIN2,-1.502968841
ECHIA,-1.496517846
Cbr3,-1.460957129
HYPBUDRAFT_166376,-1.4418767
AK812_SmicGene845,-1.432321177
RPL10A,-1.431806917
NLRP1,-1.426545905
RHBDL3,-1.397072418
CDKB2-1,-1.389450463
gsk-3,-1.385704406
At4g30220,-1.378553432
GUX2,-1.376225554
SYM1,-1.36670066
SLC35C2,-1.366089599
AK812_SmicGene31550,-1.357035392
garR,-1.334470646
camD,-1.333818898
RPL37,-1.328998367
Shprh,-1.325427027
pex11,-1.317768287
mlcB,-1.315366351
atsA,-1.310578302
AK812_SmicGene14180,-1.308116779
bglA,-1.306774265
orn,-1.301358342
Os08g0127700,-1.297771981
MOGAT3,-1.293536691
crp-46,-1.282562154
ap1b1,-1.282004146
PGSIP6,-1.264922353
Ctsz,-1.258140083
RPS30,-1.25188429
Faf1,-1.235362984
ribD,-1.230356217
Rpl28,-1.228734717
RpL11,-1.225822042
RNF149,-1.222868954
Asrgl1,-1.222630198
RPL26B,-1.222206297
AK812_SmicGene617,-1.214066853
dlcA,-1.212280713
RMR6,-1.205798479
ggtb-1,-1.205215993
SCO7813,-1.203628081
FH14,-1.201491577
PUMP1,-1.201425438
AAEL004607,-1.1995421
exo1,-1.196082291
KIF27,-1.194698533
PAP29,-1.19376502
copA,-1.193084056
ML0129,-1.175051689
smyd2b,-1.162570183
SPC25,-1.160942036
TMEM165,-1.160108648
RNF14,-1.158715803
unc45b,-1.15774927
p2xE,-1.156587936
RS31,-1.151368704
AK812_SmicGene24741,-1.150565391
AGL188W,-1.148693249
GALT3,-1.146792246
AK812_SmicGene20806,-1.139119975
SEC61G,-1.137434627
CYB5D1,-1.136207206
smyd2-b,-1.135374313
DNAJC5B,-1.130048208
nth,-1.118827419
At4g08455,-1.116633357
AK812_SmicGene23207,-1.101022699
Fam221a,-1.100230107
ATL79,-1.097232615
UX28_C0002G0017,-1.097064144
rsmH,-1.096487608
GYG1,-1.093459036
UBP5,-1.092955337
36900,-1.090771142
Exosc8,-1.089639557
noxA,-1.085640109
cmd-1,-1.084858603
AK812_SmicGene38714,-1.082458382
CAT2,-1.081246392
BASS2,-1.079318407
AK812_SmicGene1967,-1.07852037
DNAH8,-1.075263144
Dtd1,-1.073412055
crt,-1.071997126
C23G10.1,-1.071481831
At1g07170,-1.070930967
FKBP20-2,-1.069141347
PRPF40A,-1.067725767
ARP6,-1.067265971
THA2,-1.063009093
HID1,-1.060654008
cpar-1,-1.056981224
gloC,-1.056046502
ALDH8A1,-1.055264491
trmH,-1.052239347
ANKRD11,-1.050797249
RPL21,-1.050732984
At3g04130,-1.042644135
gsk3b,-1.036226418
Maged1,-1.034022287
CDO1,-1.033514157
PIP5K5,-1.03223608
Cdkn3,-1.031873026
yeiG,-1.031148209
CHLREDRAFT_190403,-1.028999831
AK812_SmicGene33164,-1.026780383
alr3912,-1.022392663
SMSP2_00015,-1.019595511
T07D4.2,-1.018617086
RPL7D,-1.017473573
hisC1,-1.015154546
plbB,-1.013043922
TMEM222,-1.010927059
LPP,-1.010197451
Usp36,-1.00973148
GPD,-1.008334622
DDB_G0275057,-1.007706427
FAD4L1,-1.007347213
Abcb7,-1.005899533
pigC,-1.002969856
PFK4,-1.002340692
FKBP5,-1.002273992
tagD,-0.999324196
NOCT,-0.998470424
ubiE,-0.998358265
selenbp1,-0.997627918
PAT16,-0.996818154
mug138,-0.996066558
RPL14A,-0.995610504
At1g31820,-0.995241404
AK812_SmicGene21937,-0.992776228
Dtx3l,-0.991673129
Gabbr1,-0.990479088
swd2,-0.98826812
TY4B-H,-0.984948908
NUF2,-0.983656645
Ttll1,-0.983159568
Acy1,-0.980168786
PPP1R12A,-0.979374526
rpl1002,-0.973312997
mvp,-0.970784714
Napsa,-0.969613243
HSP90AB3P,-0.969338067
CAD2,-0.968958533
PIS1,-0.967964479
pyrBI,-0.962962743
At5g39980,-0.961205605
CTTNBP2,-0.959549972
fabG,-0.956260484
CYP24A1,-0.953969294
COQ11,-0.952259742
cpr-5,-0.952199769
qua,-0.949821748
AK812_SmicGene42205,-0.946208843
LCP2,-0.942172889
RPL7B,-0.941885334
CYP3,-0.941050313
AK812_SmicGene916,-0.939941654
AKT1,-0.939926359
pex16,-0.9398837
ATL5,-0.938232543
uvrD2,-0.937805978
At1g09620,-0.937595411
CLCN1,-0.936337598
RPL9B,-0.933161417
SDR16C6,-0.932822376
At4g04670,-0.931972575
Traf3ip1,-0.931157629
DUSP5,-0.930878606
SDP1,-0.927397632
Ano10,-0.92656548
HRD3,-0.926358468
get3,-0.926047275
STK_02580,-0.925280937
Gstm2,-0.925258725
rps15a,-0.92421083
BAK1,-0.923026891
DDB_G0284661,-0.922261204
NHX4,-0.919581621
AK812_SmicGene29814,-0.91810546
NMT2,-0.917788333
RPS3,-0.917300932
pikAIV,-0.914246485
recA,-0.911186955
vps13B,-0.910333302
TFC7,-0.908674424
SWC6,-0.908596323
REL2,-0.908502322
ZNF470,-0.908052969
AFC1,-0.906773489
AK812_SmicGene13469,-0.904848416
NSF,-0.904440161
CCDC19,-0.903402272
UCK2,-0.902250798
Rpl23a,-0.902088465
ureG,-0.89876262
GG18702,-0.898142632
Prkar2b,-0.897656019
WDR5,-0.895707021
Os11g0599500,-0.89545664
A2Z30_08115,-0.895348354
Zmynd10,-0.894693997
At2g19790,-0.894010892
AK812_SmicGene18193,-0.893034697
AK812_SmicGene36363,-0.892804417
Acaa1a,-0.886746399
IMP3,-0.88201583
pks3,-0.879987878
cbh,-0.87903836
mpaC,-0.877534374
glnS,-0.876369413
SPOUT1,-0.875580541
CSM3,-0.874792301
gdi1,-0.874460817
At1g11540,-0.873869552
NUDT14,-0.873045932
At1g27530,-0.872251959
yjjL,-0.871975156
PIP5K6,-0.871502719
AK812_SmicGene7068,-0.867252868
cyp120,-0.866656221
thrC,-0.865058194
At5g56900,-0.864277936
Ctob_005833,-0.862299257
Psmc6,-0.861790826
CALS5,-0.861707234
AK812_SmicGene24476,-0.861607586
AK812_SmicGene14482,-0.86144649
Zdhhc3,-0.860718833
pkaA,-0.859830187
Eftud2,-0.857798937
LRRC48,-0.857691979
CSH1,-0.857498786
APX1,-0.856603706
HVO_B0029,-0.855267993
pncA,-0.854986152
Ranbp2,-0.847356856
Usp54,-0.847262625
BACOVA_02645,-0.847017842
TRIM5,-0.846043764
src-2,-0.844029862
PFP-BETA2,-0.842558049
zgc:56576,-0.841870306
RPS9B,-0.841801287
CFAP74,-0.841350607
SPSB1,-0.840774421
PPT2,-0.839288192
fd1,-0.839184403
spns1,-0.835757883
stk4,-0.83407321
Pak5,-0.833920794
phoB,-0.831902392
bioC,-0.830135503
CG11985,-0.828895078
LANCL1,-0.828836241
AKHSDH2,-0.827989669
Prosc,-0.826410094
CLT2,-0.823762385
Kif2b,-0.823264921
AK812_SmicGene11672,-0.82152121
AK812_SmicGene15535,-0.820568814
RPS7,-0.820277304
terZ,-0.820041844
cks-1,-0.819936301
rab11A,-0.8186153
AK812_SmicGene37382,-0.817402583
cshE,-0.814311263
abcB3,-0.814010408
CPK17,-0.813545849
celB,-0.813512169
At3g62310,-0.812422671
CCT6A,-0.812146827
comEB,-0.811629534
HI_0712,-0.811413075
CCS1,-0.810510735
Acaa1b,-0.80990406
nagB,-0.809343981
ATG3,-0.80881079
Rpl12,-0.807251796
DDB_G0274527,-0.80709771
Os02g0773300,-0.80705085
rps25,-0.806492768
RPL35AC,-0.804302839
lin0792,-0.804022723
cdc-14,-0.803302839
Gde1,-0.802907385
PY06059,-0.802766476
nol9,-0.802746765
Hrb27C,-0.801425136
STOML2,-0.801191952
GRXC1,-0.799686444
BDH1,-0.798741153
PGH1,-0.79757379
CLC-B,-0.796068292
SUC2,-0.794986985
At2g44920,-0.793811873
At3g63330,-0.793629623
BSAL_77750,-0.791585697
rihA,-0.791106267
RPS3A,-0.790421283
BBS7,-0.788748907
FGRAMPH1_01T20223,-0.787975149
Lrrc34,-0.787011118
Oscp1,-0.785996765
CRK6,-0.784843508
PRMT3,-0.781878816
SLC25A44,-0.781098787
gstB,-0.779646532
RH17,-0.779497652
USP20,-0.779314285
rrp41,-0.778178747
Dnajb9,-0.775558317
NIA2,-0.775297486
HLTF,-0.773366284
RPL10,-0.77321461
Ufd1l,-0.772748728
gskA,-0.77106364
mll1440,-0.76941599
KIN14Q,-0.768352442
sll,-0.766368874
TIF34,-0.765043694
EMB8,-0.764958559
SUF4,-0.764900209
Chc,-0.763935259
Clasp1,-0.761970974
AK812_SmicGene28881,-0.761698055
SLC4A10,-0.761260649
rhy-1,-0.76049675
TM_1254,-0.759989359
DDX51,-0.759000945
ALP1,-0.758118264
ETHE1,-0.755403328
yxeH,-0.755159499
gcy-28,-0.752769205
mag1,-0.751911846
crop,-0.751655481
TUB,-0.751574926
FMO1,-0.750776777
CPE0231,-0.750376615
bimG,-0.750123018
SIZ1,-0.747983758
RPS9C,-0.746995402
PRG4,-0.746525445
NCE103,-0.74622551
AK812_SmicGene26895,-0.745656975
unc-22,-0.745405315
ECE2,-0.744673725
RAB3GAP1,-0.743927063
gba-3,-0.743270151
hpcH,-0.743143094
AK812_SmicGene43656,-0.741930494
rebM,-0.741914506
SAMN05216236_12253,-0.7399944
psbJ,-0.73909222
Lrp4,-0.738995402
modA,-0.73736642
BT_0258,-0.73691227
TXNRD1,-0.736673252
U2AF2,-0.735077738
pckA,-0.734564756
por,-0.733943751
ALDOB,-0.733310338
AKR2B,-0.732535286
13033,-0.732425855
B3GLCT,-0.732086505
impact-A,-0.731346609
metC,-0.730676651
NIP2-1,-0.727563608
OGFOD1,-0.727296837
Rbp1,-0.726713203
RpL19,-0.725581203
FV3-083R,-0.724340676
sll0615,-0.723644735
YPT1,-0.722329865
PBL28,-0.722230068
CYP97A3,-0.721976734
AK812_SmicGene36,-0.72144853
SLC12A7,-0.720041393
Wwp1,-0.719400239
XBOS34,-0.718200888
fbp,-0.717701768
CTHT_0041970.1,-0.717071734
PputGB1_4377,-0.716773589
Cstb,-0.716092863
HISN4,-0.712848693
Snip1,-0.71185481
ATM,-0.711496478
CngA,-0.710904391
nhaD,-0.710028229
glyQS,-0.708756838
ATPAF2,-0.707178749
RD21C,-0.707019994
PPX2,-0.705787641
prmt8b,-0.705699696
PAPP5,-0.705522932
RAB5,-0.704502523
petC,-0.704167928
ANKRD28,-0.703769835
NOX4,-0.700714593
PL10A,-0.700403085
SPAN,-0.699717627
LSMT-L,-0.699583963
SIAM614_14660,-0.699524752
HGS,-0.699287297
P4H6,-0.69632469
RPN8A,-0.695963825
Tnpo3,-0.695773929
pah,-0.694591003
metH,-0.690727621
btf3l4,-0.689843541
kif11-b,-0.687544739
CFAP46,-0.687192431
Rabac1,-0.687078339
FTCD,-0.684808023
rpl1102,-0.683841939
glaA,-0.683765803
Pmar_PMAR006239,-0.683511033
ATR2,-0.6833803
ltaA,-0.683075785
NME7,-0.682088415
SIS1,-0.677944997
B3GALT5,-0.677605701
tnaA,-0.67699539
AK812_SmicGene22430,-0.676964474
metK,-0.6767542
Ech1,-0.676640891
MTP3,-0.676609174
TYW1,-0.676530299
DJ1B,-0.675379981
RPS8B,-0.674994001
CRTISO2,-0.674178994
AK812_SmicGene8098,-0.673772555
shkE,-0.671948271
RPS23,-0.669764006
SPAC5H10.03,-0.669753345
SPAC1782.12c,-0.66904201
KIF18B,-0.66814641
eIF-4E,-0.666920453
mcmbp,-0.665810791
hisC2,-0.665309077
SMD3B,-0.663399399
ube2d2,-0.662899897
AAEL003512,-0.661514965
At1g62910,-0.660828756
wdr4,-0.656807137
hibA,-0.656628611
pptc7,-0.65513511
NSUN5,-0.654731588
rotA,-0.654445608
mll6982,-0.653221109
RPL26,-0.652712234
DDB_G0274201,-0.652526916
AK812_SmicGene25061,-0.65235255
CKB1,-0.651742455
ce2C,-0.651294845
AK812_SmicGene24373,-0.650729637
Pgrmc2,-0.649321032
TMEM117,-0.648342405
daf-36,-0.648301579
PBP1,-0.647820929
bglB,-0.645470695
At2g32040,-0.645411829
proC,-0.644260793
Elavl1,-0.64398542
TIF,-0.643464981
PTGES2,-0.64308554
PNPLA4,-0.643051698
GID1B,-0.642839581
ribA,-0.642003906
IRL4,-0.641277272
cmk-1,-0.640398576
Atp7b,-0.63878866
pyk3,-0.638456218
HIBADH,-0.638316263
TIM14-3,-0.638201843
cel3,-0.637519456
DRM2,-0.636419822
At2g45640,-0.636109492
CIPK28,-0.635952528
AK812_SmicGene494,-0.634989418
ADGRB3,-0.634944193
trim71,-0.634920146
Polr2h,-0.634626073
DDX23,-0.634195622
BT4,-0.633595497
Iqca1,-0.632790145
Acel_1111,-0.631451565
BBX19,-0.630962543
CHR23,-0.630799266
Sco1,-0.629930576
lsm14a-b,-0.629220034
Bckdk,-0.629001707
DDX55,-0.628730369
DDB_G0269722,-0.628496842
gltB,-0.628259396
AK812_SmicGene20981,-0.62767487
RDH14,-0.62693822
AMY1.2,-0.624663417
WEX,-0.624103061
Rf1,-0.623833348
trt7,-0.623438763
cpr-c2,-0.622866324
ubi3,-0.62260667
sir1,-0.622392694
ANS,-0.622182376
FAL1,-0.621850098
erkA,-0.620476909
CYP19-2,-0.620234841
RPL18C,-0.619046652
SAE1,-0.618605518
Mfsd1,-0.617772514
hda-6,-0.617103672
SLC25A45,-0.616614491
ENKD1,-0.615652328
strip1,-0.614557829
AK812_SmicGene16729,-0.612924149
AK812_SmicGene4195,-0.612694797
LCMT1,-0.612104021
Dnajb8,-0.61177388
ETFB,-0.611623509
Plekha8,-0.611618048
licB,-0.611164398
Supt5h,-0.610369783
NIP1-4,-0.608691922
CSTF77,-0.608253718
At2g23950,-0.608042994
LTO1,-0.607906895
Uri1,-0.60721097
CHR24,-0.605976957
msrA,-0.604479919
dnm1l,-0.603317093
POLA2,-0.602977048
sna41,-0.602459552
Pa_6_6580,-0.602181931
PI4KG3,-0.601312002
ycf3,-0.60121112
SKOR,-0.600578579
mcfC,-0.599638322
SULTR4;1,-0.598660629
EXOSC2,-0.598443058
PA4923,-0.598011437
esf2,-0.597805119
At1g21780,-0.597725973
AK812_SmicGene15117,-0.59734578
dthadh,-0.597287372
AK812_SmicGene21062,-0.595935378
ytcJ,-0.595863384
At4g15470,-0.595738539
sll1917,-0.595218054
SOT12,-0.594452464
CYP40,-0.593941849
UMK3,-0.591156694
denD,-0.591024977
purD,-0.590647194
Rbx1,-0.590358662
arf4,-0.590310233
RAB1B,-0.589469299
ift43,-0.588923992
Lonrf3,-0.587992755
Ehhadh,-0.587188328
KIF16B,-0.585474649
KIN4A,-0.585119309
pcs,-0.584527433
ZDHHC14,-0.5831202
RSP1,-0.582156376
FAM3D,-0.581484624
ift122,-0.581455149
TPC1,-0.58112541
IGF2BP1,-0.58031283
CDC73,-0.579382022
d2hgdh,-0.578790931
dcd2A,-0.578545394
Pym,-0.577904163
amtB,-0.576905379
cox1/2,-0.576022312
CG3570,-0.574777426
Gins2,-0.573993478
NUDT8,-0.572641363
eif3g,-0.571218822
RPS3C,-0.571003596
CHIA,-0.56868322
DTC,-0.568537633
DPP7,-0.567513812
At5g51130,-0.566852096
PPC4-2,-0.566661741
VPS52,-0.566626226
CCB4,-0.566074513
At4g39280,-0.564608409
SPAC513.02,-0.563849082
VPS35A,-0.563093152
Klhl1,-0.562721265
ABCF4,-0.562552787
YOD1,-0.562394728
METTL17,-0.562092545
AK812_SmicGene19111,-0.560645075
slc16a12,-0.560512507
Bm1_04115,-0.559675352
clpS,-0.559667566
yvdB,-0.559540732
TPKC,-0.559363735
SLT3,-0.559067766
rplS,-0.558490849
PAE5,-0.558490167
EFHC1,-0.558487487
SPAC328.09,-0.558464032
Gamt,-0.558345807
PAP12,-0.557531377
Eif4e1b,-0.557086616
AP4M,-0.555849781
THO3,-0.555326858
EB1C,-0.554853038
cry-dash,-0.552267853
ERF2,-0.551762269
wdhd1,-0.551464543
PANK2,-0.551425374
trappc3,-0.55128572
cocE,-0.551232182
UBP8,-0.550892121
rps8,-0.55028686
EMC1,-0.549903421
ATP5C1,-0.549804489
FADS2P1,-0.549093496
let-2,-0.548224506
PHATRDRAFT_32390,-0.547578836
tyrR,-0.546679262
cspE,-0.546615223
Wdr64,-0.545747814
MPC1,-0.54566936
MSH5,-0.545568473
tilS,-0.544475762
ddx52,-0.544149501
Siae,-0.54207609
STK38L,-0.542010814
AK812_SmicGene26211,-0.540477337
PMM,-0.539824688
EBP2,-0.539411883
Os05g0572700,-0.538972942
ANXA4,-0.538447832
ttc30a,-0.53834381
pca1,-0.537477549
MSMEG_0095,-0.535980363
MKLN1,-0.535557499
let-70,-0.534806775
sqv-3,-0.534411252
pma1,-0.533890322
PBE1,-0.533735307
Hdhd2,-0.533088607
PUS7,-0.530553352
DER2.2,-0.530445773
KEA2,-0.530321495
ptprf,-0.530292521
YGR125W,-0.529341561
RHAG,-0.527352228
Cog5,-0.526997953
asd,-0.526260295
para,-0.524722887
idhA,-0.524546719
NOD1,-0.523422673
CRK1,-0.521754437
v1g232160,-0.521129316
rsgI3,-0.521105655
frs-2,-0.519844701
RNF25,-0.519798329
RDH8,-0.519596426
nat10,-0.518587434
mkh1,-0.517855238
GLRX,-0.517284311
APUM6,-0.516709472
RPL18AC,-0.516420058
zc2hc1a,-0.515436598
At5g62930,-0.515292159
Otud3,-0.514803602
HXT3,-0.514771865
slc22a6-a,-0.514197052
ccsA,-0.51273667
Thumpd2,-0.511285505
Trpa1,-0.510773061
fhaB,-0.508293917
At1g55760,-0.508146937
PRPF19,-0.506769543
cpsf3,-0.50640384
eIF-2gamma,-0.506230672
l(2)03659,-0.504726424
EGLN2,-0.504369915
AK812_SmicGene33142,-0.50401714
TPPP2,-0.503685434
CYP94A1,-0.503517442
NRP1,-0.503432295
ORC4,-0.502962531
Clk1,-0.502472427
PRP40B,-0.501961728
Dnajc28,-0.501539497
CYP505,-0.500495598
CYP4C21,-0.499890319
U2AF65A,-0.499763314
RPT3,-0.49911333
MLH3,-0.498997617
PDIL5-4,-0.49860909
RPS19B,-0.497375556
mucK,-0.497105136
p65,-0.49620987
nagX,-0.496087866
todS,-0.49606335
THIC,-0.495831944
KRS1,-0.49483046
43894,-0.493749667
kdelr2,-0.493706972
KIF6,-0.493403122
MAPR4,-0.492769107
petA,-0.492670842
Dync1h1,-0.491930854
MBR1,-0.491114005
Btf3,-0.49029766
ald,-0.489006753
Pdpk1,-0.488957495
tyrP-A,-0.488439177
RBG3,-0.488044034
RZ1C,-0.487578757
agaB34,-0.4871116
PITG_14852,-0.486335403
GONST5,-0.485851492
pikD,-0.485753839
Dnajc12,-0.485658753
Prune1,-0.485512223
CETN3,-0.485159284
AK812_SmicGene41654,-0.484928126
AK812_SmicGene36418,-0.484904761
At5g63440,-0.483268742
BCS1,-0.483003106
catD,-0.482901145
GSC2,-0.482462858
glt-1,-0.481567917
tpa,-0.481236415
TIM23,-0.481053475
Npr1,-0.47948304
rps4x,-0.478188529
Esi_0076_0031,-0.477771526
akr1a1b,-0.476618116
CLMP1,-0.476440296
Plk5,-0.476098303
AK812_SmicGene41491,-0.47587298
Slc25a29,-0.475866384
At1g67325,-0.475094732
NOP14,-0.474922393
Clcn7,-0.474374037
ybhH,-0.473758645
prafB,-0.473257832
mogat2-b,-0.473048306
SPAC17G8.11c,-0.471361545
tmem104,-0.471311554
KGD2,-0.470999565
primpol,-0.470500369
imp4,-0.469054874
Ttc29,-0.46850507
CRK2,-0.468433266
CATB,-0.4682043
Flad1,-0.467722205
Vps60,-0.467537547
OEP61,-0.467536273
NMD3,-0.467250154
PPIG,-0.466812939
argS,-0.464757763
OsI_15387,-0.464571823
cfap36,-0.464475173
Txnl4a,-0.463562423
CHERP,-0.462972601
SSO2706,-0.462937577
Pde11,-0.462862988
PPERSA_03334,-0.462107492
beg,-0.461947128
VPS11,-0.461785085
DIP13,-0.461747352
TRM61,-0.461108818
ELD1,-0.460980087
ncsA,-0.460946718
rpc53,-0.460834131
TIF3H1,-0.46022489
kpna5,-0.459874025
Pxk,-0.459493439
BHLH140,-0.457223001
KLHL8,-0.456869595
ADE1,-0.456482726
pknD,-0.456112092
PIH1D1,-0.455740508
stpg2,-0.455304498
CAMK2A,-0.454825735
larp7,-0.454797608
At2g16880,-0.454739463
MKK3,-0.454384615
alg13,-0.452684211
SF3B2,-0.451466035
Gla,-0.450445983
AAEL005527,-0.450050881
guaA,-0.449991207
Cdk10,-0.44994837
RPL27A,-0.44978603
CP3,-0.44958739
AN1805,-0.449492562
Rnf114,-0.44707824
DCXR,-0.446767639
ribB,-0.446468139
GLO1,-0.445904818
AK812_SmicGene30278,-0.445776507
PRP19,-0.44506711
arfA,-0.444885897
Plscr1,-0.444367521
CPSF30,-0.444332664
ALDH6A1,-0.442221618
Bbs4,-0.442070389
IRX10,-0.441813696
AK812_SmicGene31628,-0.441534937
sirt2,-0.439913062
CDC25,-0.43949485
AK812_SmicGene32143,-0.439394268
AL1,-0.438921955
Slc35e2,-0.436690466
DTX8,-0.436496604
Dynlrb1,-0.435455112
HS3ST1,-0.435102256
adhT,-0.434094019
Dagla,-0.434081884
PSPTO_1126,-0.433877783
ATL73,-0.433160262
EGLN3,-0.433134643
aurkb-a,-0.43158942
cbhB,-0.431029501
dmdB,-0.429321463
TMEM65,-0.429142028
At3g17800,-0.428153345
unc119b,-0.427800055
Dhps,-0.427565491
petJ,-0.427194672
PRPF4,-0.427045012
SPAC8F11.04,-0.426004945
Rnf5,-0.42576752
GPATCH1,-0.42464743
ogdh,-0.424590487
CNJC,-0.423687725
tif11,-0.423526629
egl5,-0.42341909
rplU,-0.423301892
Amz1,-0.423230086
mtaD,-0.423182561
BUD31,-0.42301608
SULT3A1,-0.422144081
sgmD,-0.421139983
Cfap57,-0.421030415
Prp38,-0.420485817
DMXL2,-0.42017821
bud20,-0.419470631
AK812_SmicGene6745,-0.419333965
MDH1B,-0.41925874
adrm1b,-0.418877989
VCATH,-0.418089083
adhA,-0.416760336
thiM,-0.416101646
Klc4,-0.415585523
ppiC,-0.41422706
cct-5,-0.414000452
AMT1-3,-0.413946052
MTPA1,-0.413823806
ssh,-0.413107297
pabp-1,-0.412824133
APX8,-0.412773097
AK812_SmicGene2049,-0.412131745
kif5,-0.411980667
nit2b,-0.411597541
Abcd3,-0.411509498
BCAT2,-0.411038916
SLC10A2,-0.410746754
KIAA1324,-0.409705459
SPCC825.05c,-0.409548198
rplQ,-0.409288079
fmt,-0.4089659
AK812_SmicGene20960,-0.408709353
At1g12775,-0.40808513
eif3k,-0.408004125
Prim2,-0.407352667
SDH1,-0.407035454
At5g08180,-0.406998587
AK812_SmicGene22306,-0.406841997
fkbp1a,-0.406298963
LC1,-0.404383085
ODA7,-0.402864233
ATL14,-0.402772601
Ncapd2,-0.402452809
SLC5A10,-0.401862009
Ctob_012858,-0.401760064
At4g34450,-0.401723228
psmB6,-0.399789712
alr2987,-0.39881179
abhd17c,-0.398446105
RABGAP1L,-0.397753185
CDC14,-0.397581311
Cnot10,-0.397178306
OsABCB25,-0.397103382
dj-1beta,-0.39708163
Calmodulin,-0.396483636
ABCG26,-0.395197304
sll0608,-0.39433256
syn7A,-0.393961952
ALMA6,-0.393180751
CASKIN2,-0.392962991
GSPATT00010582001,-0.392733144
ERDJ3B,-0.392692626
MRPL47,-0.392374645
Mb2248c,-0.392140018
hetM,-0.390979275
ggs,-0.390711669
RCJMB04_7l9,-0.390024098
PDK,-0.389990409
Tmtc4,-0.389822841
MSP-1,-0.388390306
FUC1,-0.388058486
AK812_SmicGene8970,-0.387886846
snrpb,-0.38696394
Acot11,-0.386454345
erd-2,-0.385649326
HDH,-0.385618468
POLB,-0.385414777
CCA1,-0.385373321
TTLL3B,-0.384771211
pfyP,-0.384227073
Os11g0544500,-0.38380103
drp35,-0.383469847
GCP3,-0.383358767
AK812_SmicGene22034,-0.383306939
NCOA5,-0.382986608
DHAR2,-0.382227761
Wdr34,-0.382155068
Capn8,-0.381564751
KIN14P,-0.381536698
PUMP2,-0.381226859
RPS5,-0.381117546
GSTL3,-0.380712189
APX5,-0.380694528
cyp5,-0.379283479
disp1,-0.378247022
Glipr2,-0.378026866
Rrs1,-0.37708664
styx-b,-0.376724405
Pip5kl1,-0.376094781
NLRP3,-0.3757412
RH56,-0.375231553
Nlrp12,-0.374588456
Bug22,-0.374153299
dVPE,-0.374059187
ppe1,-0.372764584
cyp144,-0.372577925
P4H2,-0.372513402
bamB,-0.372116775
UCH2,-0.37129374
NEFM,-0.369803568
MICPUCDRAFT_54143,-0.36979779
RFC4,-0.368916071
DDB_G0275025,-0.368653563
SNRNP40,-0.368074082
yecD,-0.367168176
ppt-1,-0.367145526
CG4502,-0.367036149
Ogd,-0.36577996
CSB,-0.365380153
Mid1,-0.365174114
lyrm4,-0.364644681
AK812_SmicGene8686,-0.364029573
ANKRD46,-0.36250254
Hnrnpdl,-0.361808869
SMO2-2,-0.361723457
DES5,-0.361035119
P4H13,-0.360480716
APY,-0.359915205
DNAAF1,-0.359885067
AK812_SmicGene42478,-0.359823343
Mzb1,-0.359471863
CRBN,-0.359010004
not3,-0.358260378
SEC13,-0.357790548
RPS7A,-0.357591427
DGK3,-0.357395207
RD21A,-0.356545454
plcA,-0.355716081
Mettl13,-0.355403628
Dnajb12,-0.354163888
calA,-0.354099012
PGA4,-0.353745385
TCEA1,-0.352900038
JL09_g2933,-0.352284746
TIF45,-0.352121836
VSR3,-0.351176264
C42C1.13,-0.351030546
FES1,-0.350903362
aifA,-0.350894964
CYP27A1,-0.350180331
bxlB,-0.348859625
S58_31510,-0.348443922
Chdh,-0.348392069
Znhit2,-0.348252726
RGLG4,-0.347169249
TOC64,-0.346364954
MTERF5,-0.3452924
PLGG1,-0.345103591
Rnasel,-0.344426878
Slc25a20,-0.344341268
VHA-a3,-0.344006405
mcm5-a,-0.342895826
rnp24,-0.342076511
ccdc124,-0.341055014
MOK,-0.340505416
ppc,-0.340040288
Tmem128,-0.339499024
cls1,-0.339190272
DTX36,-0.338290845
UXS1,-0.33812309
nup35,-0.337961135
APUM3,-0.337214848
WWOX,-0.337125149
Dnajb4,-0.337002817
psmA7,-0.337000241
TPT,-0.336400539
CAND1,-0.336342546
CRK,-0.336285064
spin,-0.33611645
GF14F,-0.335826555
atg9,-0.334894149
ttc4,-0.334448182
Ppm1l,-0.334026977
At3g28040,-0.334008534
cid16,-0.333838664
iscU,-0.331662538
ACBP2,-0.331249798
ustO,-0.328259495
LPPD,-0.328211517
LRK10L-1.2,-0.327796003
SAM1,-0.327729436
rsp-4,-0.326768405
msrA2,-0.326511081
Os02g0180000,-0.326125017
acadsb,-0.325749436
THI1-4,-0.324430658
YPTC4,-0.323046223
rfbE,-0.322834036
Tmbim4,-0.322646767
ABCA1,-0.322448033
adhC2,-0.322021502
DSP4,-0.321055597
Adprm,-0.320705799
TENM2,-0.32052151
WBSCR22,-0.320388928
DAPB2,-0.319053024
HSP70-7,-0.318558502
gra-orf6,-0.317948524
WDR92,-0.316696541
AK812_SmicGene25430,-0.316615926
MSH4,-0.315947327
NDB1,-0.315865473
psaF,-0.315717229
PRORP1,-0.315106386
ELF5A-3,-0.315053209
TTHERM_00355780,-0.313239297
ZIP11,-0.311647686
Nmt1,-0.310067033
UMAG_03851,-0.310033763
GT11,-0.309718481
RPN10,-0.309568623
MAP3K2,-0.309103878
6454,-0.30878056
apf9,-0.308487083
MORN3,-0.308411265
PAC1,-0.308380046
KINB2,-0.307717063
AK812_SmicGene13956,-0.307013506
PCKR1,-0.306556424
rft1,-0.306115395
CYP10,-0.305167343
Os04g0669500,-0.30497607
Slc22a20,-0.304481319
Cnot4,-0.304441118
ASB3,-0.303124123
ASK4,-0.301350337
THAPSDRAFT_2779,-0.301317924
Slc22a18,-0.300091785
L1818,-0.299801557
Prx,-0.299533233
Ctob_010821,-0.299233331
cct4,-0.298960882
PSPH,-0.29619169
Dnah5,-0.295687999
rab-6.2,-0.293883521
AK812_SmicGene26898,-0.293634698
gudu,-0.292796245
Gstm6,-0.289809642
MFSD5,-0.289370326
PDCD11,-0.288855338
MRPL28,-0.288104496
P4HA2,-0.287806567
RH46,-0.286487882
Cstf2t,-0.285970284
CKL8,-0.284747914
znuC,-0.284640565
Utp3,-0.282883551
CYP-1,-0.282711798
AK812_SmicGene25379,-0.281816405
AK812_SmicGene28950,-0.280261242
GDCST,-0.279901598
SPAPB17E12.14c,-0.278473894
cdk20,-0.278421153
SLC38A3,-0.27792259
nop2,-0.27524287
Tuba3a,-0.274300009
ECA1,-0.274117913
TIC32,-0.273845802
Ube2j1,-0.273596232
VPS53,-0.272909844
MANBA,-0.271653442
COX11,-0.271015868
CYCU4-1,-0.269973335
DDB_G0284019,-0.269492128
proRS,-0.268528276
pfkb-1.2,-0.268296561
Sgta,-0.266384721
LEUA,-0.265863137
PI4KG6,-0.265000425
EXPA10,-0.264906652
ABHD17A,-0.26401094
SPBP35G2.11c,-0.263553918
PRPF3,-0.263424315
NMA111,-0.26293544
rsph10b,-0.262824394
MTERF4,-0.262070561
BP80,-0.261278913
PHB4,-0.260171481
BOB1,-0.258896248
CTSB,-0.257680297
Galnt3,-0.257330047
OGG1,-0.256962969
nadX,-0.25676146
bkdA,-0.255827147
ctdspl2-b,-0.255250269
Dpagt1,-0.254078939
6GAL,-0.253037132
PIP4K2B,-0.252943164
phnW,-0.252483654
mindy4,-0.250612032
fhkA,-0.250526768
GLY1,-0.250177723
Tbc1d10b,-0.249795257
Os01g0197200,-0.249418128
XBAT35,-0.248887056
CRTISO1,-0.247710374
AAE3,-0.246546832
TTC28,-0.245770533
ANT1,-0.24528549
Trf4-1,-0.243432962
DRC3,-0.24126264
EML6,-0.241222386
Atp5b,-0.23949159
GTF3C5,-0.236858379
FAD2,-0.236064257
THY-2,-0.235007679
VTC4,-0.232851067
RPT1A,-0.230771692
sqv-2,-0.230460472
HRSP12,-0.230043877
MSRB2,-0.22984011
KDELC2,-0.228532178
Stag1,-0.227581198
HSP70-17,-0.227526524
rihB,-0.227047685
GAPDG,-0.225293643
RPL21A,-0.225139814
ngb,-0.223649534
CDKA-1,-0.223167641
Hspa4,-0.221940308
hhoA,-0.22191454
odh,-0.22016245
BASS4,-0.219626258
At1g53660,-0.218753233
cgt,-0.217505735
dlpC,-0.216534108
efp,-0.210742076
PHT1-6,-0.209693011
B''BETA,-0.205460912
lgrE,-0.2007117
TXN,-0.199783602
CLA4,-0.198685349
Hcfc1,-0.197378537
CYTB5-D,-0.184447747
amt-1,-0.184267056
HDHD3,-0.181710756
plbA,-0.166117028
CCRP1,0.167938726
XGD1,0.169450728
bsp6IM,0.174482732
DODA,0.18145756
AMY1,0.18674775
FLA10,0.195017571
dbp9,0.195549415
rpl16,0.199442507
yddQ,0.200612877
topB,0.200794058
rplM,0.202700687
der,0.205068295
Sirt6,0.208004344
ruvbl1,0.218978151
RPN2A,0.222295317
IMPA4,0.222723844
TMN4,0.224929282
ncaph,0.22560257
BIG4,0.226338939
AK812_SmicGene34941,0.226617779
ZFWD4,0.232623321
ADCY10,0.236058889
FBXO18,0.237038031
At1g62930,0.239733944
truC,0.239761672
NOP56,0.239826743
VCX1,0.241967896
SLC35F6,0.242543991
SLC25A36,0.242591663
LCY1,0.24429081
KIN14N,0.24531779
MMDHI,0.245670565
urod,0.248063984
typA,0.248251588
IPL1,0.249043007
udk,0.249219983
THOC2,0.250416889
abcD2,0.250758337
AKR4C9,0.251393948
PHKG2,0.251510889
ddaC,0.251576273
Nek8,0.252236728
NUP98B,0.252312928
SPAC6G9.14,0.253033802
ODC2,0.254992351
sft2,0.255217505
GIMAP6,0.255505767
Sh,0.258056124
BRIX1,0.259597701
AGAL3,0.259722232
CYP71,0.260798986
ACBP3,0.262085906
ENO,0.262885853
KAP115,0.263696232
MFSD6,0.263801115
AK812_SmicGene31537,0.263917947
Tktl2,0.266237928
alkK,0.266376796
TRY3,0.266674035
ebh,0.26736323
DCP5,0.268230467
At2g29580,0.268494714
sua1,0.268684742
CKA4,0.268708827
MPA1,0.269585846
tol1,0.270138294
At3g58530,0.270364527
Slc44a4,0.271252197
PAP7,0.271252402
At4g32950,0.272873409
At3g19950,0.276209213
SCN5A,0.276832005
tpsA,0.27709906
cbhA,0.277175192
acbd6,0.277747047
AK812_SmicGene28199,0.278220101
HAS1,0.281046168
mntH,0.281162476
gloB,0.281341801
PNC1,0.281981652
DDB_G0276461,0.28318199
CASTOR,0.283256331
At1g11960,0.283404672
Pxn,0.283573368
AMZ2,0.284441557
SSP1854,0.285277281
Tat,0.285571749
UGDH,0.288007999
At5g26710,0.289089935
DTX47,0.289978098
dap4,0.290492057
tap,0.290855808
ERI3,0.291637256
AK812_SmicGene23574,0.291876628
ILKAP,0.292799396
yqjG,0.293522641
sepH,0.293597311
At5g61990,0.294577189
CYP19-3,0.294868637
uba5,0.295975119
Pde8a,0.297037399
YCF1,0.298556268
NUAK1,0.298835294
DDX5,0.299229229
VIII-2,0.300372799
PY01155,0.300439353
ETN8,0.301492413
AQP1,0.301907839
Wdr78,0.301994798
PSL5,0.303932223
gpr180,0.305256734
NFIA_101920,0.305972227
EBP1,0.307048698
MIMI_R831,0.307718201
DIT2-1,0.308308981
ANO5,0.308352031
cnot11,0.30940386
pstS,0.309608053
MCM6,0.311454183
TGFBI,0.313175304
At1g73020,0.313240986
TOPH_07126,0.313878976
Chro.40360,0.314734322
tmp1,0.315856959
hgiCIIM,0.315969135
terC,0.315988415
Msed_2001,0.316273283
TMEM43,0.316809685
Pabpc1,0.317478277
clpR,0.317532125
BSL1,0.317956189
prfA,0.320002431
PHOT1A,0.320345041
HSPA1L,0.321045864
SLC35A1,0.321621935
CIPK7,0.322476521
ube2m,0.322571501
DET1,0.322686556
v1g226592,0.324447355
GATL4,0.325375607
MYLK,0.325555713
N6AMT2,0.326330382
HI_1218,0.326566968
mei2,0.327340602
AK812_SmicGene18284,0.32825086
AK812_SmicGene38747,0.328491827
STY46,0.329403834
SAC1,0.329520607
AK812_SmicGene37972,0.329545128
Aar2,0.330321
RAD4,0.332163224
RNF115,0.332862563
DESI1,0.33340657
infC,0.333838104
AGL,0.337188351
gpmA,0.337977479
AK812_SmicGene177,0.338502984
rpoC1,0.338677057
amyB,0.339243225
AK812_SmicGene18945,0.339322476
Tmem17b,0.339398094
LK07_010050,0.339830233
Spt6,0.340450248
SLC44A3,0.340550699
AGD12,0.340979634
PEX1,0.342327914
PLS1,0.342997885
PRKG2,0.34459934
agaA,0.344737183
PHT1-13,0.34521731
SULTR2,0.345605641
SLC24A5,0.346527598
gcy-21,0.347200364
AK812_SmicGene7918,0.347587153
nfnB,0.348047008
CFAP251,0.3488186
pop1,0.349321537
mfsd7-B,0.350362788
IMPA2,0.350960833
MAP2B,0.350987018
asah-2,0.351470121
At1g12500,0.352886353
KCNA10,0.354003566
MP3,0.354139309
pmpA,0.35436294
PAT15,0.356038866
ENT7,0.357088975
PGIC1,0.357525752
OAC1,0.358106733
CSDE1,0.358876358
ampD,0.359894308
Pik3cb,0.360048277
PPID,0.361201495
AK812_SmicGene5978,0.361618272
Klc2,0.361631161
ccp-1,0.362042567
MBF1B,0.362562813
pepA,0.36358187
ERECTA,0.363960685
SDN1,0.364118136
rsmA,0.36512548
dnj-20,0.366279066
KCND1,0.367693932
pipD,0.367855411
At5g36290,0.369556064
rplW,0.370331564
TEB,0.370893902
Rcn1,0.37105097
Pmar_PMAR023133,0.37127895
Zfp36l1,0.372585347
Eif4a3,0.372609664
crtp1,0.374198933
POB3,0.374547379
ANO9,0.37652503
SPR1,0.377160986
abfB,0.377512728
FCA,0.378050015
smd2,0.37913431
kefB,0.379152178
CAT9,0.379434901
mspIM,0.379463293
abcA7,0.379497985
cpr-1,0.381374917
trxA,0.382017487
yojK,0.382217933
AK812_SmicGene20544,0.383390823
ddx6,0.383513191
TPK3,0.383840777
Smok2b,0.383967634
U2AF65B,0.386355282
davT,0.386610025
bos1,0.387368225
FH11,0.388683493
At1g51965,0.38963422
RH47,0.390121681
CML13,0.391900872
cdc22,0.392553407
NAA35,0.39338848
yihO,0.393408844
dsaVM,0.394202538
AK812_SmicGene28,0.394953518
CCNA2,0.395192509
CNN3,0.395258532
eco47IIM,0.395883368
PSBO,0.396339029
Dynll2,0.396717858
PDF1A,0.397406186
lrrc6,0.39780664
TBP2,0.399929058
opuE,0.400386792
eryG,0.401316374
AK812_SmicGene2419,0.403651225
fhkC,0.4048987
SQD2,0.405453208
lacZ,0.405596057
MEF1,0.40650589
DDB_G0284251,0.406918479
GPT2,0.407232744
DDB_G0286311,0.407341556
rnf213a,0.407970515
RRN3,0.408865208
AAEL011789,0.409426538
CML16,0.410014894
Scn2a,0.411024819
znrf3,0.411283387
MCM7,0.411889352
IGHMBP2,0.412255406
RF55_6349,0.412869932
BMS1,0.414663505
styx-a,0.415076488
dadA,0.415927134
PIN1,0.418042316
Hnrnpa0,0.418652343
rtel1,0.419289842
Dnajc9,0.419747921
rplE,0.420391485
Znf598,0.420453415
GBE1,0.421042168
CPK25,0.421048827
DNAJC17,0.421379736
qtrt1,0.421829503
CCDC13,0.421919989
DPP8,0.422847848
SYNJ2,0.424015445
At4g09760,0.424961197
STK33,0.426296071
rco-3,0.427048126
cwc2,0.427436656
At5g25050,0.427635609
memo1,0.42771943
Zdhhc8,0.428149388
sqd,0.428971028
AK812_SmicGene39686,0.429458232
ERD2A,0.429776252
FEN1,0.430040883
magoh,0.430364212
Mctp2,0.431887151
TUBGCP2,0.432016353
rplX,0.43244498
AK812_SmicGene37141,0.432898411
CSE,0.434136976
RRP44A,0.434168879
Kiaa0556,0.434504755
Slc8b1,0.434520695
Ccdc40,0.434592614
URA1,0.436543722
ARI5,0.437589663
CML6,0.438768199
ywqA,0.438976466
ABCI20,0.439254296
gtb1,0.439833999
hupN,0.439910975
TMEM144,0.4399652
Fer1l4,0.442119312
ugtP,0.443184745
PHO91,0.443198296
Lgals3,0.443307916
At3g22470,0.443911394
UBE4B,0.444448773
mcl1,0.448501668
ATP8B2,0.449294327
ATG101,0.449421745
At1g31830,0.450653332
CAMF1,0.452398356
TREH,0.452688007
scu,0.452968834
LRRC45,0.453916297
fft1,0.45467709
DUS3,0.455022109
AAO2,0.457874112
C28H8.4,0.458527884
Tgs1,0.459248296
cyn-7,0.459521333
ppt1,0.460876652
Slc44a5,0.461634914
KBTBD12,0.461672084
AFUA_2G14360,0.462777814
Swap70,0.463119659
Nrdc,0.463817099
MJ1226,0.464009233
MIMI_L668,0.464697877
treZ,0.465945026
AK812_SmicGene42885,0.466879684
nap1,0.467522511
PAB8,0.467644418
SMYD2,0.469595098
AZG1,0.469749879
gcn2,0.470147791
Ctob_015318,0.470420112
AK812_SmicGene25898,0.470763083
EIF4G,0.470961536
ALMA1,0.47110441
Spag6,0.471981277
lkhA,0.472187292
Lrrc49,0.4729585
bcp1,0.473496983
copb,0.473992336
taw22,0.474162764
BXL4,0.478031356
PF14_0175,0.479458027
At1g63400,0.479567885
mybL,0.479697799
Fam3b,0.479958695
mhpC1,0.480378701
ARI11,0.48065956
jcdD,0.480733271
mok12,0.481020583
PSMD9,0.482408983
GRINA,0.484577181
arsC,0.484737571
CDC33,0.485217864
ADJ80_02965,0.485439065
fah,0.485936186
ABCG7,0.486355674
SPAC186.07c,0.486602235
clpP2,0.48683661
Nup155,0.487325276
SEC,0.487337866
Updo,0.487369432
phrA,0.487587277
dkgB,0.487888915
SIS3,0.490157221
MKK2,0.492000942
dnajb14,0.492285321
esrp1,0.492541563
At3g15020,0.492646805
ATG7,0.493245608
fhkD,0.499072396
gab-1,0.499264898
Tmem245,0.499576602
At3g06920,0.49977107
prf1,0.500064895
Fdft1,0.500819826
AK812_SmicGene17551,0.501276562
SAR1B,0.50140772
Rab4a,0.502212881
Os08g0192900,0.503456987
At2g25737,0.504329351
NAEGRDRAFT_77350,0.504421329
ubc4,0.50447653
tylN,0.504523729
abcC3,0.505380765
rplO,0.507120016
Nudcd3,0.507295672
bah,0.507785174
KIFC3,0.507859464
PUB3,0.508031704
At3g07100,0.508544428
CBSDUF5,0.509624328
Mgat1,0.509867747
AK812_SmicGene34664,0.509933573
mis3,0.510875203
ABCF2,0.51344598
klhl36,0.51347859
PDS1,0.51352927
cr-1,0.514619695
sol,0.514918162
pip,0.514945986
Nxnl2,0.51562421
lmbrd1,0.515676908
AK812_SmicGene39947,0.516198031
foxred1,0.516851534
Cdc27,0.517245075
Unc45a,0.517995397
Tssk5,0.518276158
pksL,0.518360257
AK812_SmicGene14667,0.518847714
LUL4,0.518899459
IPUT1,0.518957702
TIC20-V,0.518996979
CWC27,0.519149054
Hunk,0.519683788
TTLL3D,0.519905363
AY601_4021,0.520445806
Fig4,0.522262543
mshA,0.522557165
xylA,0.522985332
SLU7,0.523491092
Ift74,0.523787939
AK812_SmicGene22656,0.524528886
DDB_G0269880,0.525317371
PRP46,0.526221866
CTDSPL2,0.526619967
SPCC1827.03c,0.526828167
AK812_SmicGene31484,0.528592817
CSP41A,0.529047577
AK812_SmicGene8477,0.530641939
rpl22,0.531012497
CML18,0.531539437
menG,0.5324297
ispH,0.533981618
PRMT10,0.535022952
CUL3B,0.537237475
Rnf165,0.538840089
MGD1,0.53885585
abhd11,0.539245462
ddaD,0.539299646
AK812_SmicGene5663,0.539900656
MIK2,0.540327781
sbk1,0.540662717
Atxn3,0.540828532
yqfA,0.540842003
Cyb5r4,0.540937464
FTR1,0.541184206
LACS8,0.541944429
CHISP_0473,0.54548713
Slc50a1,0.545829197
FTH1,0.546249804
PPIL6,0.546298848
ACP2,0.546770926
N6AMT1,0.547409349
kdm8,0.549730128
Ccdc104,0.550188779
CCC1,0.550683526
SPAC4G8.04,0.550764399
PTSG_11094,0.550792526
Huwe1,0.551076864
pum1,0.551549565
ATP1A4,0.551758083
At3g45870,0.553338747
AP1M1,0.553638942
proI,0.553729213
At1g34500,0.553787061
At1g78280,0.553856359
Bace2,0.554853931
PF10_0264,0.555224374
UBP13,0.555998565
AK812_SmicGene32175,0.556385159
RAB5A,0.557378442
At1g67300,0.557382034
Acsf3,0.557731424
Ampd2,0.55801008
DUSP9,0.558647153
ARP4,0.559691686
nudcd1,0.56079593
UBP6,0.561161548
Prpf8,0.56117845
CTNNBL1,0.562469663
ABCB1,0.563355466
ENDOG,0.563468295
aprA,0.563599112
TFT3,0.564054222
INP53,0.564776821
GA11319,0.564842611
ACOX3,0.565192419
slo,0.565697641
gghA,0.565771455
zgc:153521,0.565919855
CBWD6,0.567303829
YDA,0.567686586
ALA7,0.567829474
RAD5B,0.5681963
CPN60I,0.569541957
ABCG25,0.569805226
MIP1,0.57077896
ravA,0.570922652
AK812_SmicGene28609,0.571227432
YchF1,0.57225774
AKR2A,0.57232094
AK812_SmicGene14486,0.574541388
tsf,0.575533929
AIDA,0.575904385
PIP5K8,0.57660623
QSOX1,0.578268187
TY1B-ML2,0.579054209
Amyrel,0.579288486
CG1090,0.579331685
glpF,0.579367708
pus2,0.579667406
AK812_SmicGene39795,0.58069011
DHRS13,0.581188976
groL7,0.581191859
GART,0.582550333
Rv1533,0.584646859
DHRSX,0.585259274
AK812_SmicGene30486,0.585298083
SMYD5,0.585417384
BTU1,0.585569255
cobB,0.587789426
AK812_SmicGene12293,0.588339151
SCPL50,0.588503958
ACAA1,0.588586441
podJ,0.589350343
AK812_SmicGene6889,0.590113312
gbh,0.590477711
mtf2,0.590680872
Rrbp1,0.591600263
MGST3,0.59173681
ABCB25,0.591861267
AK812_SmicGene5925,0.592999435
SASS6,0.593188531
AK812_SmicGene34441,0.593435153
Tpi,0.594920431
At4g29530,0.595760197
v1g245966,0.595964525
Zan,0.596495263
AK812_SmicGene29927,0.598571418
DTX3,0.598911688
MAN1C1,0.599102135
ACHE,0.599244725
sll1024,0.599523895
SEC14L1,0.599637539
Mutyh,0.599755861
ANKRD37,0.600419863
UGT2B31,0.601294218
Ca-alpha1D,0.601553296
ABC1K1,0.603713428
rvb2,0.60397626
murE,0.604283442
GAPC1,0.604943435
Os01g0723600,0.606091468
nxn,0.606439932
HUP3,0.607093055
MMS2,0.608071784
flaEY,0.610023754
pph-5,0.611925854
ST13,0.611978079
CUL3A,0.613791785
Ppef1,0.613811592
ppk5,0.615138261
Os02g0103850,0.615900926
At4g21250,0.616292601
Gpatch4,0.616451782
xylS,0.618115137
cnot1,0.618845666
angel,0.619073158
licD,0.619334835
lact-2,0.620733962
NRPB10L,0.621353705
NMNAT3,0.621582655
PAM71,0.622785011
galD,0.623331265
cfa,0.623793879
PHATRDRAFT_49403,0.624051345
DDB_G0267514,0.625741246
bor,0.627994181
mtnK,0.628393106
Hsp83,0.629175681
SEC24C,0.62960312
Ugt3a1,0.629721115
Irgc,0.630069341
ttuE,0.631308095
CKMT2,0.63146107
cys12,0.631664128
At5g10020,0.63192343
MMK1,0.632544693
CYP76B6,0.632817585
TPK2,0.633300197
FACE1,0.633717375
Ot13g03040,0.634483909
cofF,0.634582363
PPC6-7,0.63462489
RFXANK,0.634694305
tropI,0.634764881
CGI_10006889,0.634806495
GPD1,0.635585404
DRS2,0.636347581
COL6A2,0.636990499
Pga5,0.637029223
USP53,0.63716794
mtr-4,0.638130887
PDIL2-1,0.641906993
AK812_SmicGene18503,0.643709073
AGAP006244,0.643730272
Xrn1,0.645889732
At2g35920,0.646304028
pad-2,0.646750382
KCNA2,0.648142909
STE24,0.648392618
CPK15,0.648504534
idnk,0.648956885
Prkar2a,0.651621861
fadD29,0.653187833
BRR2C,0.654012564
AK812_SmicGene33896,0.654149858
TSPGSL018_17232,0.654757924
ERG3,0.655723428
cpt,0.655829595
AK812_SmicGene21211,0.656168784
eif3b,0.657098895
rutD,0.658288957
NBAS,0.658658752
AK812_SmicGene15320,0.660496667
PRDX5,0.660553595
KLHDC3,0.662891392
Kif21a,0.663075533
NT5C3B,0.663496408
CDC28,0.664447066
rpc2,0.664771596
gpi3,0.664915755
scn4ab,0.665659401
SMC2-2,0.665699159
rhp16,0.665979723
GSTL1,0.666476397
Tg,0.666662269
At2g28450,0.66720888
grtp1,0.668108867
CELF1,0.669135866
timm8a,0.671488358
mvpB,0.672742704
AKHSDH1,0.673113612
Pum2,0.673113691
kctd7,0.673458589
RUS2,0.673740771
smc1a,0.674934315
GL14463,0.675182761
VIP1,0.676090062
PDPK2,0.676336005
dnajc21,0.676416365
svopl,0.676906736
HSP70,0.677318132
uidB,0.678095922
CA14,0.679885939
RHA1A,0.683938655
ACP7,0.684253909
Os06g0250600,0.685175765
NIFU5,0.685213802
SRT1,0.686516146
Ch25h,0.687278083
ZBBX,0.688793669
Smok1,0.689351828
bcas2,0.690313612
Eno2,0.691428635
coaE,0.693147673
dusp1-a,0.695455872
set10,0.695939056
CPK7,0.696148505
DHH1,0.697056165
mdm2,0.699703947
PDE1A,0.699931127
PAT07,0.700171301
Gcfc2,0.702059022
mago,0.702514799
tfb2,0.7027891
aqpB,0.703318868
DCL2B,0.703864528
URA7,0.708324233
STIPL1,0.710237055
cyaA,0.7102977
CLPB1,0.711120834
KIF13A,0.711457347
rcd1,0.712225734
DDB_G0271682,0.715248504
AK812_SmicGene5452,0.715250947
surA,0.715379651
pkgB,0.71573583
At2g32560,0.715856945
Gpld1,0.715866185
Sgpl1,0.715956079
Ubxn11,0.715964257
LPAT1,0.716925244
CBP3,0.718575834
cbg-1,0.719230498
SUT5,0.720298051
fadA,0.721065121
INPP5B,0.721687175
ANKHD1,0.724189825
AQPA,0.725394316
crtp3,0.725604912
RTCA,0.72642698
bre-4,0.726958302
Tdp2,0.727255588
ufaA1,0.727697406
LPEAT1,0.728044836
PTEN1,0.7288736
Capn1,0.728996059
HPCAL1,0.729666405
TSP11,0.730051438
Ctob_000786,0.730410894
DDB_G0274251,0.730993354
slc37a3,0.731350896
MSS4,0.731764003
SAMC2,0.732793172
GUX3,0.733749009
ttcA,0.734042427
ANX2,0.735098971
SPATA17,0.73534178
gsdA,0.735567684
Gp5,0.737068925
PI4KG5,0.737230976
SPAC29A4.15,0.73809735
SCLY,0.738167545
Tm9sf3,0.738486014
klhl40a,0.739778414
At3g21360,0.741191702
Troponin,0.741942863
PIP5K2,0.74262588
lgals3bpa,0.743021633
DPOL,0.743398514
NMA1,0.744129483
mtm1,0.744583526
RDH11,0.744907147
faeC,0.745499954
cid1,0.745820375
ABC1687,0.746113707
AK812_SmicGene9044,0.747556604
prpf18,0.747988281
ccdc25,0.748204248
PKHD1,0.748459309
chk1,0.749718722
TBC1D1,0.750843105
eng1,0.750949559
vps13a,0.752402224
Lipase,0.752622189
BTBD2,0.754712758
AOX1,0.756005752
NACAD,0.756639053
sll0108,0.756965918
VPS41,0.759065223
PU1,0.759175504
GLT1,0.759386877
AK812_SmicGene21080,0.760022296
TBC1D8B,0.760160251
PRMT16,0.760168888
ACOXL,0.760520324
PAB5,0.760880558
mas,0.76094877
At3g47120,0.762400396
TSR3,0.762581035
EIF4-A,0.763258556
gld-2,0.764052772
At5g05820,0.764143855
pgtA,0.764202729
nup98,0.764615004
DNAH9,0.764918008
SFH1,0.765163581
AK812_SmicGene18464,0.766406857
PTPMT1,0.767214221
SACOL0050,0.767786252
limG,0.768201712
caf1,0.768436502
PUF6,0.768800545
Trim33,0.769517305
cpsf5,0.7696439
ARB_02390,0.770656784
urg1,0.770781829
pex6,0.771112767
TRAPPC6B,0.771308995
egl1,0.771853692
AK812_SmicGene26829,0.772768071
Ttc1,0.773702662
pht4,0.774509464
ssuB1,0.775739793
P4HA1,0.775752315
SCPL48,0.776991108
ODA2,0.777388346
RFC5,0.778734869
RAD16,0.779258692
PGM,0.780333491
UUAT1,0.780360274
At2g25790,0.780783663
Kcna4,0.783006789
cya1,0.785142275
SPCC550.07,0.785330836
psmD13,0.786618451
PRT1,0.786871598
ACER3,0.787164841
rpoB,0.789097708
TRM13,0.789328751
Ccdc65,0.789845796
tal,0.790401516
IQUB,0.790672637
SSRP1,0.792349541
MEP1B,0.792641243
ddx21-b,0.79273372
y,0.792920357
KIF1C,0.794062597
LARP4B,0.794296806
CFAP44,0.794669099
SLC9B2,0.795749988
Dnah3,0.796503131
rha-1,0.796956617
PBD2,0.804041497
Psmc3,0.804139891
CNGA1,0.804791002
rutB,0.806617884
Dml,0.807757914
rsmB,0.810449317
MJ0211,0.810587568
rcc1,0.814978773
SFH2,0.815004563
POLR3C,0.816265184
sop2,0.817110747
Kif15,0.81718324
DCUN1D2,0.822157854
hh,0.822331622
RAD23B,0.822508184
FKBP70,0.823103536
rpl11a,0.823408549
Lrrc61,0.823740851
lcb4,0.823755056
GK2103,0.824482019
MCOL_V214069,0.826090873
HOP2,0.826935624
slc35b2,0.829470155
CHLREDRAFT_128420,0.829975009
si:dkey-18l1.1,0.830091057
psmG1,0.83134577
YUC3,0.831618785
CRMB1,0.831667364
At4g32640,0.832298502
NPEPPS,0.832538641
MPK7,0.834427487
ODA6,0.835631607
TPS5,0.836501821
XI-D,0.836516584
DDB_G0273199,0.8422368
AK812_SmicGene12873,0.844674132
grpE,0.846466715
Kif11,0.847638768
ARPC1B,0.848566026
PAE8,0.849005654
yrrM,0.849098353
Cdc14b,0.849670716
PSAT,0.84980688
AK812_SmicGene42282,0.849887275
PHM7,0.849988844
rnf217,0.852275002
cul-3,0.854075868
DNAJB2,0.855927931
ausM,0.8560857
LOJ,0.858024355
FKBP59,0.859581212
IHH,0.860586667
Chek2,0.862349349
rluA,0.866554444
tssc1,0.868855709
LUL3,0.869723765
PAPD7,0.869838726
Ddx54,0.87021042
gpn1,0.870251551
CCR4,0.870686073
TTL4,0.871237469
SAMN05878437_2236,0.876853863
Sowahc,0.879373346
yghU,0.879616629
relA,0.880255301
iga,0.88034509
Nuggc,0.881172542
AOX1A,0.883251642
sts1,0.885325028
Smyd1,0.886358747
mrpl10,0.888921545
ywhabb,0.893342615
tobZ,0.894441744
Depdc5,0.89563091
At1g63080,0.896093876
CG17486,0.89939557
mak16-a,0.899973551
SELP,0.900447862
AK812_SmicGene36391,0.902473396
RIB2,0.902649214
CCR4-1,0.902650267
HSDL2,0.902731169
MPK16,0.904073149
GLCAK1,0.90703075
STT3A,0.916262125
PDK3,0.918896159
NHX7,0.920770605
CYP38,0.92351356
pst-1,0.924264353
PIP5K1B,0.924287735
cmpk1,0.925239758
Usp8,0.925439964
Iigp1,0.926790607
Arfgef1,0.929612615
FPR2,0.929855622
PAP4,0.930895504
Ldum_2097,0.932019556
Tmprss6,0.933340124
piki-1,0.933430878
Adamts20,0.934423068
cprG,0.939172003
TK,0.940692305
flpA,0.941633152
GUT1,0.942218128
twf2-b,0.943070076
Os10g0113000,0.945024479
STE23,0.945813422
tipC,0.946448986
PAO4,0.947175943
UAP1,0.948468002
TRIM24,0.949672715
cbh2,0.950312191
Htur_1614,0.951037198
VWA3A,0.951896536
PAT10,0.951924284
Tube1,0.952270273
TfIIB,0.95255921
PCM1,0.952719103
POLH,0.952927381
HCBT2,0.953408601
rrp5,0.953445163
SiRe_1449,0.953608407
dld,0.955041006
GORK,0.955676086
MIMI_L593,0.956110137
MRE11A,0.956292155
SPAC1F5.03c,0.957231638
lplA,0.957372551
PKH_140980,0.959237727
Myo7b,0.959556523
YUC8,0.960243696
ddeIM,0.960463702
def,0.960589741
Skiv2l2,0.963210434
arsH,0.965567452
TRK2,0.96564559
AIP1,0.966850413
AK812_SmicGene32534,0.969550244
Eprs,0.969991124
AK812_SmicGene5213,0.975181912
AAEL003481,0.975726991
Os03g0107900,0.975840684
WDR36,0.975945422
GCLC,0.979197112
pyr-1,0.98033162
LECRK53,0.98249157
Isy1,0.986365277
Gars,0.986957039
At5g45370,0.987415132
its3,0.989239228
AKT5,0.990042788
Ppp1cc,0.994155207
Prkx,0.994826444
FH7,0.995616552
AIP1-1,0.998039695
mettl14,0.998263798
gltp,1.00615029
atzF,1.007006757
ARB_03789,1.00791454
panE,1.010885046
OT_ostta03g00800,1.012618467
PLA2G7,1.016427824
Capn9,1.016706445
AK812_SmicGene28286,1.016962954
hppA,1.018015656
arf3,1.020018238
SPAC12B10.04,1.020490119
NCL1,1.020796268
SBE1,1.022460898
Cant1,1.023361313
dbo,1.026895157
Lmf1,1.02692304
At1g63130,1.027081803
Mspyr1_02570,1.027465413
GL12933,1.028193305
AK812_SmicGene15563,1.029968326
EMB2076,1.030657401
UGT84A3,1.034084798
CIP111,1.037586378
egl-9,1.040538066
mdh-2,1.042067001
SPCC777.06c,1.043893657
Tmem184b,1.046124496
Ankrd13c,1.04651479
Nek6,1.046633659
pfdn5,1.04668277
wecC,1.052118972
PBL22,1.05415632
Atpalpha,1.059300914
Ccdc38,1.060822825
At4g32390,1.061555454
GDA1,1.061875302
kel-10,1.063171449
pkwA,1.065735423
TSC10B,1.066235387
SECA1,1.066909553
TPS1,1.068521644
mfsd8,1.069833451
SPBC543.02c,1.070090559
l(2)04524,1.071623731
AcCoAS,1.07314915
pctA,1.075863964
WBC30,1.07732087
SPF1,1.080326973
DRP3B,1.08293923
LACS5,1.090628651
Asb14,1.09110126
ASB2,1.094250709
Slc34a2,1.094260886
rpsT,1.096266373
enol-1,1.09752021
pgam5,1.098682581
ECU01_0970,1.099532703
Swol_0347,1.099598921
KLHL4,1.102730194
TEKT4,1.102912064
At1g12300,1.104222943
cmpk,1.107141435
mask,1.107716836
ATP8B1,1.110470546
pbuG,1.111769533
tif471,1.112186303
prpD1,1.115771455
Dgkg,1.116520058
D7OMT,1.119756629
YNR048W,1.121050104
TARBP1,1.124397196
PSR,1.126103251
otof,1.126619026
ENTPD2,1.126992165
mok13,1.128577788
polr3a,1.129637165
abkD,1.130499907
ZIFL2,1.131477481
egl-4,1.131748829
washc5,1.137317419
AK812_SmicGene7686,1.137843582
AK812_SmicGene33715,1.142056751
RanGAP,1.146103803
hyd,1.150475632
rp2,1.151301356
v1g194255,1.15183182
MAV_4442,1.154103756
vps1,1.154654332
NAEGRDRAFT_73783,1.156374861
PXC1,1.157373328
BGL1B,1.157830713
Pmar_PMAR010279,1.158538003
novP,1.165845504
tcdA,1.167181575
Trim28,1.168305409
Kcnc2,1.169476187
rdgA,1.170128686
SC34,1.171420612
Slc16a10,1.174468069
BGLU42,1.174563063
MICPUN_104347,1.175481136
Tas1r1,1.175722775
SUV3,1.178191359
PRKAA2,1.180940665
PAO3,1.183229729
r,1.18489468
ftsH1,1.18629491
Dnm2,1.186714095
Caskin1,1.187291367
phyA,1.193757821
acuI,1.195890271
MFSD14A,1.196157935
Lig4,1.196862599
Abcf3,1.198013714
cheR,1.201033509
TIP3-1,1.202387467
casA,1.207424024
SKI2,1.211615709
fucT,1.211848065
CG6353,1.212157373
Slc6a12,1.212246001
SIRT7,1.214310932
aurkb,1.219570881
Dnah2,1.220497309
PTTG_06795,1.222155721
RGLG2,1.233192889
dcakd,1.234583432
ALTA7,1.244824713
SP41A,1.245276834
ABCG5,1.247402407
CGI_10009638,1.249977522
Pus10,1.25032658
ybeQ,1.252029609
aidB,1.25514958
yddA,1.25541571
SEC23,1.256731254
hpxO,1.25955254
hbdA,1.260553017
VTE4,1.263265061
AK812_SmicGene24524,1.267535445
dxs,1.2684773
abcC8,1.2777499
FucT6,1.279853523
DEGP2,1.287832351
NGLY1,1.290322844
VH-PTP13,1.292365277
IRAK4,1.292800683
vma7,1.293822399
sphX,1.29466575
GAK,1.295121413
SWR1,1.296123748
AK812_SmicGene36189,1.296270896
ACACA,1.298092358
modF,1.300255363
kdelr1,1.300710267
F8H,1.301303099
Ttll6,1.30167636
FAR1,1.302404804
Uhrf1bp1l,1.306040801
AK812_SmicGene14054,1.310101194
DHC10,1.315560251
AK812_SmicGene34204,1.319967943
GDPD1,1.324592753
Lrp1,1.325721652
BRPF1,1.333832063
GYP5,1.335782235
Usp6nl,1.337062298
Gld,1.339657165
PAP2,1.340805323
ZBTB11,1.343806358
XIAO,1.34445588
hflX,1.347390936
SLC29A2,1.348297354
AK812_SmicGene16779,1.351087625
Phrf1,1.352395058
ISA3,1.354955585
DHX30,1.355930528
NSUN3,1.358472505
TRPM1,1.360354057
Nfs1,1.365324505
U2surp,1.368810039
TOPP1,1.371748875
AK812_SmicGene434,1.372431174
cprA,1.374193436
MTMR2,1.375065564
CPX1,1.377452276
SLC22A4,1.378050848
mrd1,1.379536334
TBCD,1.382748677
POSTN,1.387399763
hdaH,1.39338773
dhx29,1.394970597
Pde4d,1.399379586
SYT2,1.400456749
ggt,1.408245288
EOGT,1.408618501
P4H4,1.411124768
AK812_SmicGene35803,1.415015058
AK812_SmicGene31801,1.421684089
AAEL002956,1.428433687
AK812_SmicGene34649,1.42953956
Eefsec,1.429617815
rdpA,1.430923211
ppsB,1.433619296
Vac14,1.445976445
GSPATT00029660001,1.448976435
VCPKMT,1.449311049
CHLREDRAFT_194276,1.451410073
At1g63330,1.451606748
Cel,1.454928536
Pcif1,1.456635886
rluD,1.456691661
ccdc135,1.466964661
ags1,1.471867988
CSP41B,1.47656592
CDC123,1.479441958
acr-16,1.479520477
Dmc1,1.482581623
Gpatch3,1.483690679
DHX8,1.490224099
TY4B-J,1.496251293
ISU1,1.49935942
Ccdc151,1.510376355
STC,1.514472589
drc7,1.515163059
TBCC,1.515282059
ubiB,1.518448586
SUMF2,1.519514886
pgl,1.525237999
PYRAB13990,1.525255205
AK812_SmicGene43432,1.529049288
fcsA,1.530097724
At1g35710,1.531871634
AK812_SmicGene13780,1.534863269
USP5,1.535657089
truA,1.541671756
At3g03300,1.546489762
ALATS,1.552239498
sfxn,1.555578751
ymdB,1.565163392
pksN,1.570778382
SPCC126.07c,1.577857977
CLCN5,1.582819277
LARP1C,1.583813939
ulk3,1.585207115
Gyc76C,1.594930576
spn-E,1.596709429
CG5038,1.602924497
HOP1,1.606009161
AK812_SmicGene30020,1.610986126
SPAC19G12.09,1.61301302
fusA2,1.618690114
Endou,1.620793767
AK812_SmicGene43485,1.629637327
MAP3K3,1.63273101
PGP,1.633328294
LIM15,1.637685568
DDB_G0267588,1.638063075
gly-6,1.640471036
BURPS1710b_2304,1.651035739
acsA,1.652050175
AK812_SmicGene23595,1.654595412
KCTD4,1.655362873
NAPEPLD,1.658939679
Rad50,1.663909617
omh4,1.667501781
YDC1,1.669477509
LTA4H,1.691598998
THUMPD3,1.691838078
slx1,1.703084677
ureD,1.703325978
SCO4644,1.705297923
CPK34,1.724103144
DDB_G0288475,1.728399952
DDB_G0272544,1.73760628
NMB0964,1.753233338
CHL1,1.753705364
FLS2,1.765612616
AG118,1.770211135
Evi5,1.786477287
ylyB,1.788305462
Slc26a5,1.793937499
ACT1,1.798429295
SNOG_09898,1.803547909
SSB,1.809595628
Cabp1,1.81421145
TCEA2,1.816658397
Rraga,1.827527663
RPAP3,1.831088072
Tnn,1.833510769
GALT4,1.837248289
MS3_02628,1.859997844
hmu,1.865829724
Camk1g,1.869796615
PUMP3,1.871404185
HFM1,1.871978963
Tasa_019_002,1.889317038
AK812_SmicGene7786,1.897543957
pdi2,1.897590866
Invadolysin,1.898601848
Armc6,1.922896535
hmuV,1.928513397
PUB50,1.937366983
AK812_SmicGene21003,1.988334346
gefF,1.99906664
PPL_09762,2.022098771
sulp-3,2.022270439
Src42A,2.049569937
FAM184A,2.050134477
CPK8,2.053603523
PAT23,2.054212144
TONSL,2.076685704
mok14,2.08846999
rhlG,2.090257989
XBAT34,2.099900128
aquIMA,2.133135506
Sgtb,2.172822854
FAB1D,2.203155416
Slc15a1,2.254542863
GSPATT00020181001,2.257276085
pikAII,2.285214536
mtr,2.301983992
SPL2,2.308607202
Os01g0926400,2.330217885
AADAC,2.337187867
STK36,2.340418013
FOLR3,2.365198257
cyb5r1,2.368674808
YAF9,2.380502077
kefC,2.383547755
ALA3,2.393922445
fimA,2.396908492
nahA,2.402659686
AK812_SmicGene4925,2.412094678
GLYK,2.423760884
Agbl1,2.429027236
GLR3.1,2.456591672
yngI,2.489864441
DGAT2D,2.490622381
Znhit6,2.495107511
spl-1,2.506443375
PPERSA_07180,2.512101484
FBL4,2.520677697
CACNA1S,2.531540843
xpt,2.53241023
HIR3,2.537504635
ODA9,2.568379098
KIN14I,2.592767318
XPD,2.598919944
Ido1,2.602963836
dnaJ2,2.63059159
SPAC977.17,2.646380536
mdh,2.653110021
Rnf213,2.6581249
msrB,2.663877713
yfkN,2.670942543
nsf-1,2.680120933
AK812_SmicGene3557,2.711056173
Pla2g12a,2.7527461
ADAMTS9,2.781433512
sepA,2.808664728
RPL40B,2.815342363
GSP1,2.869542141
AK812_SmicGene16768,2.889677271
43891,2.896888107
MIMI_L543,2.948423921
VPA0305,2.998031015
AK812_SmicGene20146,3.002828621
PFP-BETA1,3.039721852
ATP13A4,3.069234571
DDB_G0290965,3.084500982
PRSS12,3.09669189
papA,3.1212774
AK812_SmicGene13884,3.140844309
Abcb6,3.181653768
RHM1,3.187527433
TTHERM_00316190,3.405072737
TPC1A,3.419879275
CRYZ,3.441741728
CAT1,3.565699995
Trank1,3.670479161
PSAE,3.734044549
AK812_SmicGene22262,3.759104252
groL1,3.766665434
At2g33840,3.827005697
ABHD3,3.886357782
CIPK11,4.142837188
ADK2,4.148183994
Thop1,4.198284406
GRC3,4.263623068
AK812_SmicGene24564,4.366736188
ATL41,4.693493584
pgdA,4.701598568
cofG,4.801947886
aceE,4.827990511
kiaa1324l,4.938900381
SFH9,5.12712417
washc2,5.317564044
Susd2,5.573397915
PF07_0047,5.576879266
Ctob_001722,5.772003241
secA2,5.844329903
PA2953,6.336031845
HERC3,6.631461422
GLT8D2,7.061187955
acr-7,7.879023841
AK812_SmicGene44292,8.474882226
HOC1,16.83316403